Data Source,World Development Indicators,,,,,,,,,,,,,,,,,,,,,
,,,,,,,,,,,,,,,,,,,,,,
Last Updated Date,2/27/2020,,,,,,,,,,,,,,,,,,,,,
,,,,,,,,,,,,,,,,,,,,,,
Country Name,Country Code,Indicator Name,Indicator Code,2001,2002,2003,2004,2005,2006,2007,2008,2009,2010,2011,2012,2013,2014,2015,2016,2017,2018,2019
Aruba,ABW,GDP per capita growth (annual %),NY.GDP.PCAP.KD.ZG,-5.107188649,-5.405878901,-0.152950639,6.03174362,-0.094958957,0.245881671,1.410009422,-0.224763908,-10.60529868,-3.887760046,3.063882371,-1.864167717,3.593197948,0.25056693,-0.991547779,-0.716487134,0.855431102,,
Afghanistan,AFG,GDP per capita growth (annual %),NY.GDP.PCAP.KD.ZG,,,3.868361903,-2.875183528,7.207933018,2.253357413,11.02277394,1.59421129,18.51536871,11.26413324,-2.681080849,8.974879568,1.974168629,-0.665270518,-1.622886672,-0.541697283,0.082078929,-1.350178336,
Angola,AGO,GDP per capita growth (annual %),NY.GDP.PCAP.KD.ZG,0.822113704,9.943764019,-0.431850563,7.187035527,11.0308358,7.58232901,9.890011506,7.116873151,-2.808634457,1.079168937,-0.220846531,4.70645928,1.292085644,1.219832785,-2.468715169,-5.816236718,-3.409903315,-5.287779594,
Albania,ALB,GDP per capita growth (annual %),NY.GDP.PCAP.KD.ZG,9.311123961,4.853922135,5.925630153,5.951880823,6.071390912,6.570331606,6.783926591,8.328035999,4.048889359,4.223036876,2.821558737,1.585154888,1.187205469,1.985426089,2.516852212,3.480117005,3.916611971,4.40251487,
Andorra,AND,GDP per capita growth (annual %),NY.GDP.PCAP.KD.ZG,1.517844707,2.354988636,7.366656546,3.324673509,3.825117605,1.792359358,-2.005942911,-9.874029633,-4.375946682,-5.343136111,-3.847253205,-0.03966755,2.405291834,4.293204133,2.395988608,2.830284261,2.115060153,1.622746677,
Arab World,ARB,GDP per capita growth (annual %),NY.GDP.PCAP.KD.ZG,-0.559743945,-1.543873183,3.067362919,6.914493599,3.363448011,4.024758288,2.09252926,3.287798669,-1.958941034,2.330118683,1.270084929,4.2791592,0.923670101,0.273518619,1.188057416,1.326749284,-1.095241692,0.127618284,
United Arab Emirates,ARE,GDP per capita growth (annual %),NY.GDP.PCAP.KD.ZG,-3.778971439,-2.750614931,1.966528205,-0.037811251,-7.020583817,-4.916643016,-11.34550429,-10.2087752,-15.15125558,-5.914810324,2.187920775,2.257926243,4.410159045,4.100219471,4.553055405,1.981139395,-0.846125274,0.207936371,
Argentina,ARG,GDP per capita growth (annual %),NY.GDP.PCAP.KD.ZG,-5.447091545,-11.85477684,7.676545539,7.884937565,7.729475205,6.955547382,7.924238139,3.029477312,-6.854227333,9.300128322,4.788683139,-2.14528445,1.265685175,-3.57858051,1.629664279,-3.110063898,1.609282344,-3.467376243,
Armenia,ARM,GDP per capita growth (annual %),NY.GDP.PCAP.KD.ZG,10.23552424,13.80965043,14.64713695,11.10148061,14.60861703,14.07663192,14.74561651,7.819137248,-13.56956831,2.582648081,4.728426774,6.914143645,2.82388904,3.07285853,2.736128724,-0.16150062,7.18375793,4.95169918,
American Samoa,ASM,GDP per capita growth (annual %),NY.GDP.PCAP.KD.ZG,,,0.095753115,0.240184563,-0.202616989,-3.428950886,3.259806828,-1.134692886,-2.870528545,1.524295609,0.869269598,-4.234377289,-2.836798492,0.803753378,1.365901551,-2.645383249,-5.64961891,2.470435213,
Antigua and Barbuda,ATG,GDP per capita growth (annual %),NY.GDP.PCAP.KD.ZG,-6.426319008,-0.373294901,4.713795081,4.372899982,4.937666252,11.03970617,7.540417466,-1.63509231,-13.47436502,-8.920402499,-3.304233499,2.05110583,-1.803232595,2.622780496,2.711206847,4.42525495,2.173818458,6.430026467,
Australia,AUS,GDP per capita growth (annual %),NY.GDP.PCAP.KD.ZG,0.565713356,2.739689402,1.722906343,2.856147677,1.851031265,1.289259674,3.197638455,1.601262237,-0.142541245,0.492100956,1.0488838,2.119682504,0.834341933,1.015114993,0.732399751,1.177911433,0.657653884,1.331877548,
Austria,AUT,GDP per capita growth (annual %),NY.GDP.PCAP.KD.ZG,0.880259098,1.152676331,0.450946527,2.099711169,1.549877317,2.943417859,3.391730827,1.143307119,-4.016340042,1.592577128,2.576448318,0.222450577,-0.562298943,-0.122370667,-0.11154019,0.984638283,1.767087438,1.8470512,
Azerbaijan,AZE,GDP per capita growth (annual %),NY.GDP.PCAP.KD.ZG,9.051822301,8.625351139,9.37646097,8.301538012,26.66009473,32.99706632,24.04867893,8.293390791,7.122238739,3.549455657,-2.847182953,0.853886052,4.482470077,1.522139192,-0.145834454,-4.141769798,-1.255720601,0.512193853,
Burundi,BDI,GDP per capita growth (annual %),NY.GDP.PCAP.KD.ZG,-0.238090712,1.664524825,-4.155083318,1.562404033,-2.294459325,2.046996795,0.104987386,1.456421292,0.455622978,1.756376353,0.748442779,1.198056673,1.687469876,1.021529748,-6.886405717,-3.708336062,-2.646941222,-1.557407354,
Belgium,BEL,GDP per capita growth (annual %),NY.GDP.PCAP.KD.ZG,0.752480191,1.25198916,0.615850408,3.123917516,1.760455919,1.878186998,2.918375182,-0.343464812,-2.805903633,1.928756882,0.38001833,0.116415122,-0.013162462,1.128585855,1.443273424,0.998454175,1.572153723,1.041719531,
Benin,BEN,GDP per capita growth (annual %),NY.GDP.PCAP.KD.ZG,2.19312213,1.508016469,0.346990897,1.337853336,-1.247442478,0.978319651,3.004329193,1.96969488,-0.505433089,-0.715273205,0.116058298,1.924720372,4.239708127,3.433712855,-0.695138395,1.133240634,2.966881509,3.975183596,
Burkina Faso,BFA,GDP per capita growth (annual %),NY.GDP.PCAP.KD.ZG,3.60861857,1.394565964,4.722707532,1.4641414,5.493463706,3.124181589,2.520313509,4.097485883,-0.107397986,2.239434997,3.466271475,3.309239817,2.684831408,1.282093646,0.885054448,2.863097486,3.319513927,3.812912022,
Bangladesh,BGD,GDP per capita growth (annual %),NY.GDP.PCAP.KD.ZG,3.113805084,1.960382474,2.941853266,3.553360233,4.965842913,5.244531351,5.753420689,4.806170346,3.878501409,4.390980367,5.25309563,5.298244958,4.794401642,4.856108324,5.368783423,5.950914578,6.142103948,6.737017522,
Bulgaria,BGR,GDP per capita growth (annual %),NY.GDP.PCAP.KD.ZG,5.856598353,8.262240877,5.9924829,7.241768715,7.933171408,7.689165792,8.136615286,6.768693063,-2.962963764,1.993279538,2.57051343,0.612051095,1.057909556,2.41800282,4.133514899,4.668314467,4.572306501,3.840315458,
Bahrain,BHR,GDP per capita growth (annual %),NY.GDP.PCAP.KD.ZG,-2.348075732,-1.937486192,0.350072344,0.388663246,-0.354026626,-1.226162597,0.192081605,-1.261538911,-3.553981084,-0.35377926,-0.991929406,1.989329647,4.207493605,2.706556785,0.180519551,-0.441055395,-0.940563981,-3.110625106,
"Bahamas, The",BHS,GDP per capita growth (annual %),NY.GDP.PCAP.KD.ZG,1.076894829,1.021416586,-2.989196121,-0.940930891,1.496829479,0.604837246,-0.464585359,-4.112188026,-5.798725615,0.011727934,-0.684017478,1.950775485,-3.899399537,-0.205232091,-0.362951164,-0.543773106,-0.937249831,0.544150189,
Bosnia and Herzegovina,BIH,GDP per capita growth (annual %),NY.GDP.PCAP.KD.ZG,4.279462441,5.19146196,3.922985,6.043001588,8.726415158,5.414666045,5.929797779,5.665843216,-2.526767514,1.595746394,2.129150353,0.848511513,4.152910293,2.905465111,4.673702515,4.458294041,3.186242188,4.483914305,
Belarus,BLR,GDP per capita growth (annual %),NY.GDP.PCAP.KD.ZG,5.263892131,5.716082411,7.794917912,12.21261832,10.14976717,10.6755868,9.099459979,10.58130499,0.423651191,7.982069183,5.572385837,1.780361776,0.987444297,1.63497133,-3.982648864,-2.648709831,2.567482608,3.189813054,
Belize,BLZ,GDP per capita growth (annual %),NY.GDP.PCAP.KD.ZG,1.825546531,2.189182179,6.468402024,1.968907935,-0.059091798,1.878831785,-1.49656617,0.60526286,-1.834970614,0.879869659,-0.242059957,0.573592985,-1.398684164,1.447247899,1.263488278,-2.602978122,-0.551942156,1.071369529,
Bermuda,BMU,GDP per capita growth (annual %),NY.GDP.PCAP.KD.ZG,6.071369604,-2.116731459,2.736270805,1.655070593,1.018080926,4.94027207,2.267374058,0.929051522,-5.808003155,-1.324384803,-2.501103308,-5.178203827,-2.815614911,,,,,,
Bolivia,BOL,GDP per capita growth (annual %),NY.GDP.PCAP.KD.ZG,-0.235706734,0.579771055,0.83134905,2.298481738,2.574813306,2.97734206,2.781323569,4.3685374,1.649225543,2.42927786,3.510975031,3.453697676,5.127573478,3.843757228,3.282718711,2.732039942,2.696065296,2.752155942,
Brazil,BRA,GDP per capita growth (annual %),NY.GDP.PCAP.KD.ZG,0.013369738,1.709474389,-0.122936492,4.497077078,2.026307404,2.834754095,4.974704674,4.054409568,-1.081943896,6.524372804,3.026406873,1.014509775,2.108930719,-0.35247322,-4.351591267,-4.098606982,0.251381945,0.328077907,
Barbados,BRB,GDP per capita growth (annual %),NY.GDP.PCAP.KD.ZG,-2.718381719,0.446436607,1.838780549,1.059787136,3.564575482,5.228913034,1.411521891,0.463148917,-5.251185826,-2.526506705,-1.094785507,-0.317909721,-1.576175303,-0.354732941,2.026139671,2.110096546,-0.325475119,-0.640057736,
Brunei Darussalam,BRN,GDP per capita growth (annual %),NY.GDP.PCAP.KD.ZG,0.668516263,1.850859099,1.007490916,-1.212542787,-1.174474607,2.945930386,-1.101340324,-3.091355247,-2.912176,1.347649387,2.416642103,-0.427894474,-3.440627445,-3.624205175,-1.79814526,-3.602333016,0.213081518,-0.994788509,
Bhutan,BTN,GDP per capita growth (annual %),NY.GDP.PCAP.KD.ZG,6.083936524,8.762050478,5.793197416,4.187319629,5.646036543,5.58845052,17.0317608,3.748209376,5.692374701,10.77336789,6.768529462,3.877056714,0.875533068,4.479326562,5.350000462,6.830610935,3.408339123,1.822273166,
Botswana,BWA,GDP per capita growth (annual %),NY.GDP.PCAP.KD.ZG,-1.625759367,4.205052917,2.83089265,0.894957601,2.606769099,6.189992328,5.993347155,4.0169686,-9.4420183,6.72754459,4.55935823,3.219369515,10.1026078,2.848903521,-3.185996973,2.40941658,0.798912535,2.183074073,
Central African Republic,CAF,GDP per capita growth (annual %),NY.GDP.PCAP.KD.ZG,2.174749423,1.433364457,-7.324376183,3.888463844,-1.053466435,2.743704761,2.61553604,0.254521218,6.978613121,3.458686168,3.443144974,4.632756721,-36.55681955,-0.282852498,3.663820259,3.722663357,3.200431219,2.224742848,
Canada,CAN,GDP per capita growth (annual %),NY.GDP.PCAP.KD.ZG,0.309869789,2.303577116,2.879569876,2.948998239,4.008877922,3.118693054,5.835793377,-0.080294859,-4.03041986,1.94962821,2.142309001,0.663303088,1.25465502,1.839459846,-0.058784637,-0.031327848,1.764529713,0.471065971,
Central Europe and the Baltics,CEB,GDP per capita growth (annual %),NY.GDP.PCAP.KD.ZG,3.7737481,4.216987695,4.419397442,6.107727893,5.25979738,6.861368873,6.817083903,4.286797327,-3.264571823,1.964768325,3.47583684,0.993176428,1.476127539,3.257776452,4.148217921,3.314188915,5.059647368,4.536429752,
Switzerland,CHE,GDP per capita growth (annual %),NY.GDP.PCAP.KD.ZG,0.673218925,-0.592227281,-0.699897655,2.072208559,2.456755606,3.33817619,3.185475532,0.864958951,-3.436230711,1.935532047,0.568314659,-0.060750328,0.687567337,1.206787664,0.186413499,0.617849426,0.853947375,1.969887247,
Channel Islands,CHI,GDP per capita growth (annual %),NY.GDP.PCAP.KD.ZG,-1.944965414,-1.960327195,-3.50660947,-0.206714252,0.734757718,3.970625085,4.783437394,,,,,,,,,,,,
Chile,CHL,GDP per capita growth (annual %),NY.GDP.PCAP.KD.ZG,2.146189438,2.000617675,3.005830357,6.102839367,4.64670087,5.200451342,3.790339389,2.426197172,-2.601446898,4.750223814,5.05778792,4.309217504,3.03152589,0.692556387,1.105944345,0.332088719,-0.153995449,2.587676494,
China,CHN,GDP per capita growth (annual %),NY.GDP.PCAP.KD.ZG,7.555801672,8.401915061,9.352364262,9.45917505,10.74255231,12.09183627,13.63634486,9.093872102,8.857029819,10.10310072,9.027255945,7.33538001,7.237862515,6.75762202,6.3634693,6.160281025,6.161772004,6.082241155,
Cote d'Ivoire,CIV,GDP per capita growth (annual %),NY.GDP.PCAP.KD.ZG,-2.245214921,-3.827639325,-3.42246201,-0.857498876,-0.407002578,-0.651437208,-0.444884354,0.271158496,0.916728923,-0.336444149,-6.641118189,8.042352489,6.225706887,6.10311564,6.13206803,5.267910827,4.992709086,4.725692099,
Cameroon,CMR,GDP per capita growth (annual %),NY.GDP.PCAP.KD.ZG,1.649184953,1.505406234,1.808362978,3.944548056,-0.706775436,0.674389717,2.064855524,0.680831686,-0.575806015,0.619379565,1.314427049,1.7265535,2.577710656,3.061836081,2.855766469,1.901024374,0.853486026,1.379191982,
"Congo, Dem. Rep.",COD,GDP per capita growth (annual %),NY.GDP.PCAP.KD.ZG,-4.774091088,-0.03120251,2.387603432,3.433175672,2.808811976,1.984891599,2.849852328,2.783842465,-0.500573021,3.598840323,3.366411993,3.571790138,4.927562523,5.895886034,3.442604598,-0.907723407,0.401471108,2.399910664,
"Congo, Rep.",COG,GDP per capita growth (annual %),NY.GDP.PCAP.KD.ZG,0.88258488,1.661059832,-2.043275772,0.424448467,4.415301449,2.764919686,-4.907859458,2.009713885,3.99746567,5.485794479,0.570601587,1.145156182,0.921951607,4.205349659,0.128546659,-5.23741467,-5.559196545,-1.549244028,
Colombia,COL,GDP per capita growth (annual %),NY.GDP.PCAP.KD.ZG,0.096759724,0.950715908,2.393939549,3.850792901,3.302779819,5.41212839,5.537720293,2.049697449,0.085765812,3.256962621,6.327070066,2.970052362,3.621397024,3.676012448,1.761184057,0.708331384,-0.160980396,1.024714856,
Comoros,COM,GDP per capita growth (annual %),NY.GDP.PCAP.KD.ZG,-0.158002157,-0.117108885,-0.300216019,-0.47240465,0.416533343,0.222132637,-1.58712863,1.530002524,0.744011366,1.325682766,1.613333795,0.733574939,2.014724713,-0.304632305,-1.229462948,0.961267016,1.481452177,1.140509904,
Cabo Verde,CPV,GDP per capita growth (annual %),NY.GDP.PCAP.KD.ZG,0.466980654,3.530098304,2.560349908,8.58327412,5.431257082,6.571033819,13.74275181,5.368075749,-2.452938768,0.234534183,2.676298838,-0.194322593,-0.480116296,-0.654704681,-0.239305248,3.443556299,2.476708347,3.865935847,
Costa Rica,CRI,GDP per capita growth (annual %),NY.GDP.PCAP.KD.ZG,1.651020457,1.607948413,2.674939862,2.827713386,2.40819857,5.759250942,6.713682506,3.277983602,-2.232638559,3.653246237,3.052918159,3.569356339,1.102147306,2.365020868,2.51140319,3.149324392,2.340034914,1.618061785,
Caribbean small states,CSS,GDP per capita growth (annual %),NY.GDP.PCAP.KD.ZG,1.309550398,2.930537057,5.013223038,3.250559066,3.014246067,6.093236609,2.55155485,0.623535939,-4.274641518,0.556907217,0.310428766,0.550776001,0.061667929,-0.208595326,0.496863967,-2.289678724,-0.81580686,0.65620677,
Cuba,CUB,GDP per capita growth (annual %),NY.GDP.PCAP.KD.ZG,2.831639518,1.108003715,3.519772261,5.571395061,11.09089499,12.0691869,7.358672796,4.24794498,1.544039045,2.398351377,2.703145897,2.827934086,2.514299704,0.831466817,4.273260224,0.422178217,1.771793801,2.258589685,
Curacao,CUW,GDP per capita growth (annual %),NY.GDP.PCAP.KD.ZG,3.007946789,0.274293259,-1.758683522,-1.505339407,-1.858439086,-0.9409622,0.466172919,0.910343817,-1.176897717,-1.176269268,-0.806884969,-0.964264113,-1.912431969,-2.462195476,-1.035883986,-2.030879105,-2.05324118,-1.966607239,
Cayman Islands,CYM,GDP per capita growth (annual %),NY.GDP.PCAP.KD.ZG,-3.136865596,-1.475390231,-0.801981992,-1.775105391,3.561902697,1.551056355,0.123787376,-3.237330686,-9.693163172,-5.033074075,-0.938990758,-0.624585601,-0.366635549,1.109176492,1.373692911,1.703957573,1.717664957,,
Cyprus,CYP,GDP per capita growth (annual %),NY.GDP.PCAP.KD.ZG,2.838097364,2.541045775,1.383603443,3.630815343,3.353752826,2.981292304,2.88407631,1.07653062,-4.610633401,-1.280429629,-2.125886766,-4.34671215,-5.580070362,-0.219240256,2.544489347,4.332535438,3.501636506,2.745155679,
Czech Republic,CZE,GDP per capita growth (annual %),NY.GDP.PCAP.KD.ZG,3.296140656,1.848772611,3.632645492,4.874640468,6.386207214,6.564559093,4.988202194,1.834145074,-5.343397792,1.975868191,1.567627262,-0.938553682,-0.51667508,2.607037045,5.102415766,2.253976554,4.075766346,2.65491944,
Germany,DEU,GDP per capita growth (annual %),NY.GDP.PCAP.KD.ZG,1.526794804,-0.36611274,-0.768486532,1.21188534,0.779058121,3.93175423,3.121878224,1.154421594,-5.457900872,4.338691916,5.868556631,0.231212503,0.154547998,1.800420038,0.862787538,1.408102174,2.082807721,1.195762891,
Djibouti,DJI,GDP per capita growth (annual %),NY.GDP.PCAP.KD.ZG,,,,,,,,,,,,,,5.226585759,5.872971441,5.178749081,3.409086547,3.82998552,
Dominica,DMA,GDP per capita growth (annual %),NY.GDP.PCAP.KD.ZG,-0.078583101,-3.073764728,5.95437673,2.637800831,0.361061904,4.467846562,6.238084028,7.072344204,-1.203234816,0.634192937,-0.277141507,-1.127103114,-1.07087791,4.346562989,-2.825077306,2.378153301,-6.996372838,2.026131376,
Denmark,DNK,GDP per capita growth (annual %),NY.GDP.PCAP.KD.ZG,0.462534318,0.145880704,0.11735814,2.40323402,2.055110532,3.572063427,0.462731525,-1.094842118,-5.414013998,1.419486593,0.920393696,-0.149916083,0.513424412,1.105433472,1.622165585,2.443369549,1.381821734,1.817932898,
Dominican Republic,DOM,GDP per capita growth (annual %),NY.GDP.PCAP.KD.ZG,0.942868806,2.981578814,-2.742890771,1.151470008,7.950955381,7.736305254,6.033694068,1.90860341,-0.304633347,7.01675047,1.892348699,1.499963281,3.650787229,5.818809908,5.715425772,5.468635467,3.517924002,5.834559566,
Algeria,DZA,GDP per capita growth (annual %),NY.GDP.PCAP.KD.ZG,1.659659532,4.262078601,5.840908374,2.934503756,4.438277124,0.214819131,1.808249405,0.738171149,-0.13466755,1.746776463,0.980204694,1.401796705,0.761674962,1.710449516,1.6004783,1.104567921,-0.750499558,-0.615183264,
East Asia & Pacific (excluding high income),EAP,GDP per capita growth (annual %),NY.GDP.PCAP.KD.ZG,5.719073512,6.911048942,7.81729525,8.059728334,8.845201368,9.931967905,11.32995824,7.646959272,6.924306998,8.998397117,7.696962483,6.734836788,6.425644332,5.984981954,5.747387285,5.602326505,5.69708405,5.60584879,
Early-demographic dividend,EAR,GDP per capita growth (annual %),NY.GDP.PCAP.KD.ZG,-0.764105827,-0.135731769,3.055795375,4.970285024,4.40798967,4.473474466,4.201916993,1.85618188,-0.903888601,4.574193851,3.417534153,2.739052697,2.828767274,2.565643669,2.776631483,2.571745639,2.730515519,2.181067159,
East Asia & Pacific,EAS,GDP per capita growth (annual %),NY.GDP.PCAP.KD.ZG,1.757596508,2.734822297,3.441210201,4.378433899,4.27161931,4.777065478,5.719481249,2.795394867,0.684877204,6.332407835,3.914916702,3.980911303,4.047314096,3.432764688,3.439791109,3.348453703,3.882894684,3.570549255,
Europe & Central Asia (excluding high income),ECA,GDP per capita growth (annual %),NY.GDP.PCAP.KD.ZG,2.676319754,5.566220904,6.594287617,8.293975281,7.149134324,8.010192459,7.500960067,4.139981608,-6.336209299,4.537190018,5.450121969,3.120609354,3.394576277,1.614800517,0.206147942,1.135475026,3.45111192,2.336669836,
Europe & Central Asia,ECS,GDP per capita growth (annual %),NY.GDP.PCAP.KD.ZG,2.155351317,1.508623205,1.564062079,2.941946203,2.465663964,3.654950265,3.308020572,0.628867256,-4.829912435,2.230017626,2.142472662,-0.1132067,0.421404337,1.339812049,1.556190615,1.457807382,2.353187371,1.762984409,
Ecuador,ECU,GDP per capita growth (annual %),NY.GDP.PCAP.KD.ZG,2.134650214,2.284687206,0.984821248,6.4066799,3.543853785,2.669304909,0.494779993,4.607050249,-1.058188534,1.892927572,6.221051678,4.070252971,3.387280468,2.198941227,-1.507585123,-2.898024887,0.573877117,-0.397089903,
"Egypt, Arab Rep.",EGY,GDP per capita growth (annual %),NY.GDP.PCAP.KD.ZG,1.585498112,0.481792714,1.293201932,2.203147324,2.602220204,4.967392881,5.22829914,5.267160095,2.740072921,3.080864616,-0.363937291,-0.012959637,-0.105957426,0.61685323,2.093722196,2.132012009,2.025577858,3.194431298,
Euro area,EMU,GDP per capita growth (annual %),NY.GDP.PCAP.KD.ZG,1.819859587,0.465063696,0.154685806,1.742773283,1.161399478,2.745783241,2.464216979,-0.06844885,-4.810557953,1.893332953,1.908385486,-1.110195111,-0.590879239,1.052251232,1.792871964,1.586052361,2.377628288,1.715357135,
Eritrea,ERI,GDP per capita growth (annual %),NY.GDP.PCAP.KD.ZG,4.986057196,-1.409294388,-7.143476239,-2.980758192,-1.303165484,-4.075877382,-1.224527498,-11.73427848,1.974014581,0.565915707,7.207605266,,,,,,,,
Spain,ESP,GDP per capita growth (annual %),NY.GDP.PCAP.KD.ZG,3.214081018,1.290050047,1.136253252,1.35870928,1.915695738,2.357813153,1.704522023,-0.709567924,-4.611871706,-0.297088607,-1.166192626,-3.02242537,-1.111898854,1.687449704,3.915768451,2.945440377,2.649590648,2.065112042,
Estonia,EST,GDP per capita growth (annual %),NY.GDP.PCAP.KD.ZG,6.656808289,7.481060486,8.24392775,7.407646111,10.11865727,10.36763319,8.065440314,-4.834112172,-14.26876537,2.941401323,7.768254622,3.479973212,1.707513193,3.257770915,1.778145159,2.601693921,5.620848822,4.483568571,
Ethiopia,ETH,GDP per capita growth (annual %),NY.GDP.PCAP.KD.ZG,5.227310742,-1.354735345,-4.911302787,10.40753969,8.733083824,7.80874178,8.437269944,7.793024525,5.843997442,9.460597148,8.094849899,5.616582788,7.499864344,7.213187282,7.391451495,6.509676197,6.625757161,4.048070239,
European Union,EUU,GDP per capita growth (annual %),NY.GDP.PCAP.KD.ZG,2.134794079,1.0389534,0.893833618,2.160881561,1.712275823,3.00197743,2.647718627,0.136372219,-4.602657151,1.944311354,1.850275844,-0.637764532,-0.032423325,1.419412684,2.046869123,1.739628148,2.402903859,1.811652504,
Fragile and conflict affected situations,FCS,GDP per capita growth (annual %),NY.GDP.PCAP.KD.ZG,0.303238585,-3.094782257,-7.136612823,11.1727115,3.99513738,4.271428954,2.918618929,3.024719984,2.175144993,4.111259326,-7.614530434,9.784915589,1.46502599,-1.189942475,-0.035269687,3.584164382,0.558420574,-0.2269191,
Finland,FIN,GDP per capita growth (annual %),NY.GDP.PCAP.KD.ZG,2.376383812,1.460881565,1.760756162,3.69083354,2.428460542,3.628982301,4.851983559,0.315908016,-8.513195827,2.714919864,2.073262419,-1.865400894,-1.357536308,-0.77614038,0.22990993,2.333447122,2.809733652,1.490208143,
Fiji,FJI,GDP per capita growth (annual %),NY.GDP.PCAP.KD.ZG,1.634194943,3.031386763,0.898637462,5.07030856,0.241116559,1.081580634,-1.837179569,-0.063272142,-2.342098834,2.214559014,2.273244475,1.221403139,4.669003197,5.50052607,4.401855218,2.066562945,4.817786841,2.820319292,
France,FRA,GDP per capita growth (annual %),NY.GDP.PCAP.KD.ZG,1.244192104,0.402709914,0.11107373,2.075384202,0.899762891,1.737523985,1.792993386,-0.303770529,-3.37173719,1.44701286,1.69963012,-0.171212887,0.059905733,0.472969998,0.691921866,0.692650644,2.251980936,1.539463118,
Faroe Islands,FRO,GDP per capita growth (annual %),NY.GDP.PCAP.KD.ZG,,,,,,,,,,,,,,,,,,,
"Micronesia, Fed. Sts.",FSM,GDP per capita growth (annual %),NY.GDP.PCAP.KD.ZG,2.385923775,0.681350823,1.694663302,-2.829260681,2.518740117,0.637750433,-0.964915228,-1.559314002,1.650749881,2.322968393,2.650917507,-2.858395513,-4.971015346,-3.687823715,3.229757865,-0.308253108,1.536137448,-0.839033794,
Gabon,GAB,GDP per capita growth (annual %),NY.GDP.PCAP.KD.ZG,-0.271433911,-2.596014541,-0.203439847,-1.827481688,-0.037660887,-5.498006314,2.954150185,-6.235207675,-3.085474274,3.449408748,3.246103918,1.338213437,1.720917977,0.61986238,0.471570202,-0.968799964,-2.291575738,-1.755039188,
United Kingdom,GBR,GDP per capita growth (annual %),NY.GDP.PCAP.KD.ZG,2.578699221,1.892089789,2.806551733,1.79315566,2.47371181,2.035550356,1.636058451,-1.062893134,-4.969350243,1.153474893,0.749525179,0.775772307,1.457911544,1.837387371,1.545056482,1.193020554,1.177472084,0.729787206,
Georgia,GEO,GDP per capita growth (annual %),NY.GDP.PCAP.KD.ZG,6.443909769,6.424463767,11.81131434,6.451674697,10.2880041,10.04357711,13.16775158,2.730183214,-2.79094062,7.027385348,8.264988855,7.186599064,3.912276836,4.350991635,2.837921808,2.838467125,4.785972333,4.715845403,
Ghana,GHA,GDP per capita growth (annual %),NY.GDP.PCAP.KD.ZG,1.483440437,1.973728918,2.645233338,3.008570064,3.267295838,3.716443793,1.689108882,6.371104419,2.21104946,5.24929629,11.3154464,6.733563592,4.847493942,0.566072146,-0.113926824,1.149647352,5.768551488,3.958667147,
Gibraltar,GIB,GDP per capita growth (annual %),NY.GDP.PCAP.KD.ZG,,,,,,,,,,,,,,,,,,,
Guinea,GIN,GDP per capita growth (annual %),NY.GDP.PCAP.KD.ZG,1.486542129,3.094736454,-0.683337557,0.36055984,0.918712352,-0.970603041,4.462259222,1.773901121,-3.362033194,2.47169064,3.298323484,3.612859907,1.648009616,1.295762762,1.272879681,7.928394752,7.291971634,3.19829413,
"Gambia, The",GMB,GDP per capita growth (annual %),NY.GDP.PCAP.KD.ZG,2.503965013,-6.294371857,3.504231456,3.716452262,-5.338218319,-3.53645469,0.001746634,3.146321774,3.540184124,2.782993457,-10.86200397,2.100140355,-0.202343346,-4.34615116,0.97413624,-1.058248829,1.756616133,3.453188862,
Guinea-Bissau,GNB,GDP per capita growth (annual %),NY.GDP.PCAP.KD.ZG,0.039960644,-3.143694704,-1.692528825,0.399713878,1.828858615,-0.115546852,0.778428599,0.679140617,0.792623832,1.95357842,5.291705532,-4.284108831,0.544731781,-1.671171599,3.399294497,3.566049448,3.270887242,1.243474147,
Equatorial Guinea,GNQ,GDP per capita growth (annual %),NY.GDP.PCAP.KD.ZG,56.78820178,14.61489119,9.262045956,32.16945386,11.67305616,2.905056773,10.06424252,12.4413324,-3.238119356,-12.98168903,1.859272627,3.655755838,-8.160731147,-3.68850197,-12.71058299,-12.31397436,-8.221978141,-9.497352683,
Greece,GRC,GDP per capita growth (annual %),NY.GDP.PCAP.KD.ZG,3.591652806,3.542622777,5.542360824,4.801378778,0.304568156,5.335601824,3.01098405,-0.599389824,-4.55211725,-5.600777661,-8.997954993,-6.79786087,-2.537258553,1.4130581,0.220308447,0.225031002,1.706058064,2.191029524,
Grenada,GRD,GDP per capita growth (annual %),NY.GDP.PCAP.KD.ZG,-2.418655027,3.053054182,9.073500529,-0.973080876,12.93322628,-4.241543578,5.864170342,0.692914663,-6.907241753,-0.92707516,0.233770768,-1.753110682,1.666363516,6.622548322,5.76621355,3.112792131,3.881515216,3.635083146,
Greenland,GRL,GDP per capita growth (annual %),NY.GDP.PCAP.KD.ZG,0.999463557,-1.424258359,4.143053963,6.632323711,4.943236044,5.855030281,2.748781079,6.593978749,0.874906571,0.695314556,-0.470283635,1.536976945,-0.726861643,5.091927333,-2.214918882,4.547808581,0.49537593,3.487011391,
Guatemala,GTM,GDP per capita growth (annual %),NY.GDP.PCAP.KD.ZG,-0.020467163,1.451333167,0.138798672,0.762513506,0.901732197,3.012192614,3.950631209,1.023941773,-1.649558746,0.660606009,1.943561071,0.798801032,1.536354441,2.032085718,2.030732289,1.037037387,0.74414698,1.154413801,
Guam,GUM,GDP per capita growth (annual %),NY.GDP.PCAP.KD.ZG,,,0.574421098,6.172512286,3.338720714,-3.97776594,0.691429651,1.608026406,0.195026529,1.952027754,-0.032564223,1.831928855,1.56421072,1.348528018,-0.054872853,-0.386696991,-0.561803024,-1.162983053,
Guyana,GUY,GDP per capita growth (annual %),NY.GDP.PCAP.KD.ZG,2.486631908,1.189250122,-0.679432707,1.482454114,-2.006935823,5.104254603,7.000859422,1.929810961,3.427377939,3.899838089,4.833482086,4.806622152,4.480247089,3.340901769,2.510740355,2.836059246,1.592282996,3.594471019,
High income,HIC,GDP per capita growth (annual %),NY.GDP.PCAP.KD.ZG,0.842245041,0.840444792,1.519921877,2.606364858,2.141554265,2.353147927,1.978526623,-0.453670817,-4.034072283,2.283070449,1.37629825,0.685632032,0.840771262,1.410312324,1.72878206,1.117336663,1.786416024,1.740955974,
"Hong Kong SAR, China",HKG,GDP per capita growth (annual %),NY.GDP.PCAP.KD.ZG,-0.177611298,1.207456417,3.259973634,7.855666595,6.920117656,6.34732889,5.553444077,1.518763913,-2.668906615,5.986311979,4.112136812,0.583731409,2.687940281,2.043152043,1.519946937,1.545507923,3.075366824,2.182713538,
Honduras,HND,GDP per capita growth (annual %),NY.GDP.PCAP.KD.ZG,0.024194433,1.098768608,1.942247685,3.655843027,3.547805735,4.120047599,3.819102897,1.979565807,-4.464448189,1.652207395,1.837489275,2.200291905,0.947659871,1.250591786,2.047366391,2.123704453,3.029693168,2.030375238,
Heavily indebted poor countries (HIPC),HPC,GDP per capita growth (annual %),NY.GDP.PCAP.KD.ZG,1.413836395,0.570205762,1.586925773,2.593541975,3.074622287,3.252516592,3.64721916,3.184238,1.414348755,2.991101465,1.626258394,2.784122146,2.824436984,2.618809606,2.019105823,1.763607225,2.246389152,1.292956808,
Croatia,HRV,GDP per capita growth (annual %),NY.GDP.PCAP.KD.ZG,7.400868421,5.053964026,5.610258825,4.131321101,4.179809724,4.976358262,5.289387542,1.771620945,-7.26214889,-1.272578477,0.034942025,-1.938432057,-0.271151238,0.303881743,3.284810941,4.208766779,4.384959085,3.512460717,
Haiti,HTI,GDP per capita growth (annual %),NY.GDP.PCAP.KD.ZG,-2.711252603,-1.907428066,-1.282079166,-5.090193418,0.164103222,0.613447915,1.70483003,-0.73722184,1.489704901,-4.595384917,3.94617874,1.380513891,2.746741508,1.331109984,-0.162491567,0.100989435,-0.138520203,0.199179707,
Hungary,HUN,GDP per capita growth (annual %),NY.GDP.PCAP.KD.ZG,4.313091624,5.039956141,4.383086901,5.055227688,4.451150578,4.193132949,0.397588452,1.235397085,-6.554912111,0.892064394,2.108004102,-0.961635939,2.244145188,4.476140223,4.092853546,2.502047265,4.600531608,5.300354538,
IBRD only,IBD,GDP per capita growth (annual %),NY.GDP.PCAP.KD.ZG,2.102304537,2.967774085,4.194263712,6.556402855,5.788007186,6.814416099,7.399028593,4.499665474,1.004673871,6.258545152,4.954225665,3.995981373,3.934920057,3.261636222,2.679310123,2.972501404,3.640400633,3.443123523,
IDA & IBRD total,IBT,GDP per capita growth (annual %),NY.GDP.PCAP.KD.ZG,1.902747249,2.794469188,3.884721968,6.194068022,5.453874708,6.395460021,6.94332372,4.16778144,0.901713008,5.857728571,4.539570207,3.665312973,3.687049438,3.037919985,2.39080177,2.588797378,3.27302848,3.081834132,
IDA total,IDA,GDP per capita growth (annual %),NY.GDP.PCAP.KD.ZG,2.021809406,3.376278201,2.633023848,4.344721136,4.022474397,3.890594197,4.010335758,2.932387814,2.828412171,3.807668656,2.196581175,2.387619425,3.617547879,3.362709978,1.888606919,0.87098611,1.911919921,2.02481106,
IDA blend,IDB,GDP per capita growth (annual %),NY.GDP.PCAP.KD.ZG,1.587199519,5.322381798,2.577019535,5.284535373,3.977716981,3.593961375,3.404644918,1.982826113,3.2397765,3.694440828,2.503471963,2.133217112,3.402834251,3.387739053,1.550931919,-0.711024218,0.450699314,1.320454744,
Indonesia,IDN,GDP per capita growth (annual %),NY.GDP.PCAP.KD.ZG,2.235181135,3.090633543,3.376536131,3.630902268,4.289595233,4.107515275,4.946465429,4.620033267,3.247327414,4.812281788,4.748220608,4.606284255,4.151271234,3.63914313,3.555439566,3.759693805,3.83998242,3.985604226,
IDA only,IDX,GDP per capita growth (annual %),NY.GDP.PCAP.KD.ZG,2.528105479,1.366865236,2.754626333,3.385264908,4.106731331,4.230415654,4.663635031,3.930235037,2.370152308,3.857603416,1.804045234,2.605456278,3.791302011,3.288105195,2.206555964,2.518204116,3.396504134,2.725219047,
Isle of Man,IMN,GDP per capita growth (annual %),NY.GDP.PCAP.KD.ZG,4.342783917,5.037629345,5.564867031,4.358607854,4.864808106,6.401532599,5.992715221,3.320849239,1.049667957,2.81389128,1.965154724,3.630950949,5.193132273,5.613741703,-0.597583108,7.331655258,3.214588866,,
India,IND,GDP per capita growth (annual %),NY.GDP.PCAP.KD.ZG,3.027377624,2.064875058,6.093705485,6.193653448,6.231948516,6.403284515,6.04817406,1.587598136,6.351088711,7.042346887,3.893930345,4.165499831,5.134956907,6.186731983,6.79703975,6.997009504,6.035154528,5.709116885,
Not classified,INX,GDP per capita growth (annual %),NY.GDP.PCAP.KD.ZG,,,,,,,,,,,,,,,,,,,
Ireland,IRL,GDP per capita growth (annual %),NY.GDP.PCAP.KD.ZG,3.61551245,4.149864525,1.355418435,4.787880902,3.422103586,2.276027869,2.32297688,-6.408033071,-6.038408903,1.256741686,-0.093176619,-0.198086862,0.819363315,7.766030481,23.98551001,2.514046181,6.974330322,7.142041132,
"Iran, Islamic Rep.",IRN,GDP per capita growth (annual %),NY.GDP.PCAP.KD.ZG,-0.473652305,5.933302091,7.396782151,3.120610975,1.990106181,3.820523973,6.970587537,-0.839117733,-0.106548779,4.596446951,1.445852238,-8.553295826,-1.423452111,3.274962297,-2.611099313,11.868692,2.327694199,,
Iraq,IRQ,GDP per capita growth (annual %),NY.GDP.PCAP.KD.ZG,-0.697703239,-9.60273921,-34.95975478,50.23649871,2.04115422,8.047833126,-0.304533686,6.418958936,1.283336826,3.652116069,4.104583693,9.775158059,3.488253135,-2.97222802,-0.864992152,11.94474312,-4.940921809,-2.841642694,
Iceland,ISL,GDP per capita growth (annual %),NY.GDP.PCAP.KD.ZG,2.52682783,-0.213504836,1.562379354,7.097815347,4.660165938,2.806958242,6.632997781,0.112891969,-7.094788173,-3.296819378,1.570878216,0.758868479,3.153507462,0.950932855,3.385018756,5.871643739,2.178764766,1.601307982,
Israel,ISR,GDP per capita growth (annual %),NY.GDP.PCAP.KD.ZG,-2.213500828,-2.008476051,-0.8362239,2.360448957,2.095888933,3.714659219,3.911423783,1.18282728,-1.459435378,3.689579221,2.864800981,0.3867335,2.222617474,1.785509991,0.283374883,1.96348547,1.548743352,1.468194483,
Italy,ITA,GDP per capita growth (annual %),NY.GDP.PCAP.KD.ZG,1.894123995,0.104759514,-0.305508789,0.769317663,0.323656244,1.48515736,0.975922133,-1.615940627,-5.711508383,1.400915343,0.53428744,-3.24206012,-2.9724038,-0.91781388,0.875477402,1.451875391,1.868714641,0.950146897,
Jamaica,JAM,GDP per capita growth (annual %),NY.GDP.PCAP.KD.ZG,0.587088154,1.310085832,3.031487722,0.744491228,0.341902101,2.361020777,0.925568684,-1.298394126,-4.814344711,-1.978737585,1.17350906,-1.180237892,-0.081224992,0.116180484,0.36815251,0.844838051,0.497977274,1.454524928,
Jordan,JOR,GDP per capita growth (annual %),NY.GDP.PCAP.KD.ZG,3.354997675,3.791736412,1.927484183,5.722609251,4.669185715,4.017780897,3.614729962,2.306259503,0.323342206,-2.877471445,-2.789351256,-2.775699734,-2.355237323,-1.522510132,-1.437268338,-1.038735943,-0.262010615,0.129635568,
Japan,JPN,GDP per capita growth (annual %),NY.GDP.PCAP.KD.ZG,0.164695475,-0.114538322,1.311201372,2.170289266,1.653122597,1.355753419,1.537441316,-1.141424849,-5.404594188,4.173027538,0.069762808,1.657317593,2.147531753,0.507999337,1.330400881,0.725146429,2.096551745,0.992931322,
Kazakhstan,KAZ,GDP per capita growth (annual %),NY.GDP.PCAP.KD.ZG,13.69319315,9.795470244,8.93293015,8.841004825,8.729207192,9.535335075,7.661436102,2.049064285,-1.433769665,5.794225111,5.873514057,3.334055983,4.485116946,2.676714897,-0.268267118,-0.327514633,2.693432134,2.740272171,
Kenya,KEN,GDP per capita growth (annual %),NY.GDP.PCAP.KD.ZG,0.987024476,-2.143710276,0.18086419,2.28317848,3.045012048,3.576204044,3.933078041,-2.503373226,0.50385534,5.494076785,3.288144617,1.8157403,3.142205435,2.694788349,3.116621981,3.346252153,2.420020577,3.896152981,
Kyrgyz Republic,KGZ,GDP per capita growth (annual %),NY.GDP.PCAP.KD.ZG,4.326959715,-0.930894091,5.914004509,5.739526636,-1.295107319,2.000426334,7.512743595,7.376440391,1.651651519,-1.651753118,4.674715696,-1.848145242,8.72062382,1.934435781,1.782546291,2.196672424,2.694919493,1.572833212,
Cambodia,KHM,GDP per capita growth (annual %),NY.GDP.PCAP.KD.ZG,5.279825341,4.619701687,6.662297759,8.564587989,11.48491556,9.091523383,8.583123209,5.124904661,-1.402999106,4.344574274,5.381872449,5.577863206,5.599972823,5.401782611,5.333233003,5.368731942,5.389886233,5.90774125,
Kiribati,KIR,GDP per capita growth (annual %),NY.GDP.PCAP.KD.ZG,-3.138205043,2.056581916,0.249475683,-3.4380956,2.875902633,-2.187244318,-0.273674414,-4.306154413,-1.363513902,-2.846169406,-0.152553371,3.096892794,2.746552053,-2.060395026,8.873685914,3.640496479,-1.107610877,0.513904299,
St. Kitts and Nevis,KNA,GDP per capita growth (annual %),NY.GDP.PCAP.KD.ZG,4.275152463,1.185564735,-4.670561478,2.75953519,8.447447489,1.869805578,-0.969520554,5.588393849,-4.191652073,-3.762409698,0.94085758,-3.090354692,4.454037862,5.357475912,0.187201889,1.985841689,-2.76837886,2.146724809,
"Korea, Rep.",KOR,GDP per capita growth (annual %),NY.GDP.PCAP.KD.ZG,3.726413585,6.813310902,2.401073253,4.484912194,3.703594867,4.625216748,4.931903195,2.051380609,0.190517264,5.967519429,2.887463263,1.756043816,2.428866761,2.694343122,2.249661522,2.465812967,2.62122194,2.33217302,
Kuwait,KWT,GDP per capita growth (annual %),NY.GDP.PCAP.KD.ZG,-2.557721048,1.389046169,15.9892385,8.29318831,7.212815188,2.827948695,0.474171732,-3.38464271,-12.51226746,-7.945279411,3.531992405,0.869997884,-3.943008325,-3.979801581,-3.200821868,-0.228664433,-7.043355295,-0.741360739,
Latin America & Caribbean (excluding high income),LAC,GDP per capita growth (annual %),NY.GDP.PCAP.KD.ZG,-0.754198082,-1.200120712,0.088667034,4.876904691,2.988477175,4.052802127,4.40766737,2.806715833,-3.062574063,4.816913273,3.220095676,1.549109856,1.605546289,-0.112113179,-1.570987929,-2.675754526,-0.299762323,-0.57526156,
Lao PDR,LAO,GDP per capita growth (annual %),NY.GDP.PCAP.KD.ZG,4.072513692,4.305565286,4.48085875,4.750404599,5.441497483,6.865364104,5.807321331,6.011861177,5.718366896,6.7808303,6.363803167,6.400761197,6.42812696,6.016330555,5.656391582,5.38631616,5.244660052,4.61588222,
Lebanon,LBN,GDP per capita growth (annual %),NY.GDP.PCAP.KD.ZG,-0.016863782,-1.305198004,-1.622608252,2.083247834,-0.080882706,0.398263331,9.166826929,9.308525388,8.950394314,4.98277532,-3.918000384,-3.516740507,-3.904244499,-3.773956744,-3.739309849,-1.09607989,-0.93523415,-0.342081302,
Liberia,LBR,GDP per capita growth (annual %),NY.GDP.PCAP.KD.ZG,-0.75453149,1.33416293,-31.33309699,0.702285835,2.583355576,4.43850612,5.33663593,2.811317331,1.19769438,2.358371759,4.804896885,4.906859801,5.82096229,-1.866818935,-2.520554623,-4.057198172,-0.04698527,-1.229759965,
Libya,LBY,GDP per capita growth (annual %),NY.GDP.PCAP.KD.ZG,-3.30336025,-2.531753688,11.21721078,2.822358383,10.16409961,4.90385457,4.787413685,1.244610718,-2.006994189,3.942229663,-62.37807684,121.7795426,-14.0731088,-24.49787957,-9.661168441,-3.901179931,24.97113139,6.368240933,
St. Lucia,LCA,GDP per capita growth (annual %),NY.GDP.PCAP.KD.ZG,-4.293506075,-0.347735664,3.525477333,6.414922847,-1.38598647,4.934122873,0.693025201,3.512419705,-2.718612515,-0.770176226,3.27384161,-0.909722559,-2.453238171,0.893812047,-0.230197817,2.631815383,2.022405559,0.339234187,
Latin America & Caribbean,LCN,GDP per capita growth (annual %),NY.GDP.PCAP.KD.ZG,-0.526039003,-1.06343042,0.227263375,4.977414975,2.950792517,3.984548819,4.259095305,2.705310447,-3.006966514,4.666013474,3.222320299,1.656935918,1.648186215,-0.058370493,-1.377523771,-2.441831504,-0.280932272,-0.438688279,
Least developed countries: UN classification,LDC,GDP per capita growth (annual %),NY.GDP.PCAP.KD.ZG,2.685391335,2.642389069,2.7848042,4.290821898,5.629640258,5.254916112,5.882394613,4.696947692,2.198028253,3.798023832,1.389849538,2.507055422,3.266447693,2.980648553,1.634227033,1.419811436,2.382576855,1.822707975,
Low income,LIC,GDP per capita growth (annual %),NY.GDP.PCAP.KD.ZG,2.082393267,0.778971089,1.750937203,3.338319378,3.616250348,2.745179256,3.517855998,3.16791854,2.419138115,4.215232188,0.90587874,0.953806453,3.516127481,3.220946059,0.388037491,0.848647419,2.234509853,2.279085304,
Liechtenstein,LIE,GDP per capita growth (annual %),NY.GDP.PCAP.KD.ZG,-1.821855853,-1.94952572,-2.786914611,2.210720852,4.039893937,7.846520969,2.601269971,1.069134055,-1.865732855,,,,,,,,,,
Sri Lanka,LKA,GDP per capita growth (annual %),NY.GDP.PCAP.KD.ZG,-2.243684598,3.142490894,5.049968036,4.557887353,5.383795801,6.842935864,6.010615485,5.197557743,2.82103706,7.279064155,7.677029435,9.00387327,2.59207381,3.985755206,4.046239566,3.338429756,2.257527806,2.132746096,
Lower middle income,LMC,GDP per capita growth (annual %),NY.GDP.PCAP.KD.ZG,2.65609057,2.883501157,4.316479033,5.223559877,4.858847039,5.237662425,5.323029189,2.976324244,3.312178503,5.177572499,3.379603671,3.588063801,4.061171094,4.107497228,4.061277284,4.06482356,4.087658375,4.040168068,
Low & middle income,LMY,GDP per capita growth (annual %),NY.GDP.PCAP.KD.ZG,1.963539837,2.864925816,3.935566535,6.270307742,5.569390219,6.464179864,7.018818691,4.218701349,0.964151496,5.969218843,4.563303091,3.746834391,3.777216729,3.085498179,2.40529642,2.626187238,3.296353297,3.069473501,
Lesotho,LSO,GDP per capita growth (annual %),NY.GDP.PCAP.KD.ZG,3.41222284,1.017150617,5.154545799,2.321405473,3.975441147,4.553532324,4.992145147,6.728414501,2.000214348,6.138976622,6.193356689,5.311132679,1.474404167,2.066677498,1.940043769,2.423646524,-3.044056361,0.332073491,
Late-demographic dividend,LTE,GDP per capita growth (annual %),NY.GDP.PCAP.KD.ZG,3.946244064,4.827453245,5.594160906,7.195147342,6.506433714,8.045704078,8.941471286,5.853731426,1.998825122,6.983528568,6.067694277,4.75243551,4.568190004,3.95436297,3.245651867,3.129633712,4.047703349,4.255071327,
Lithuania,LTU,GDP per capita growth (annual %),NY.GDP.PCAP.KD.ZG,7.405827694,7.621237439,11.44010204,7.753374983,9.496003055,9.134816375,12.41447902,3.689037017,-13.8630352,3.632725953,8.447433601,5.235297862,4.611764467,4.401798234,2.997558037,3.867427138,5.715533225,5.088966615,
Luxembourg,LUX,GDP per capita growth (annual %),NY.GDP.PCAP.KD.ZG,1.318613334,2.737471487,0.401760528,2.149919546,1.605863332,3.514143258,6.693995532,-3.028531918,-6.113373271,2.96812251,0.28527751,-2.717088527,1.286206698,1.867277284,1.873670555,2.344807203,-0.643742843,1.178000117,
Latvia,LVA,GDP per capita growth (annual %),NY.GDP.PCAP.KD.ZG,7.701063702,8.367739023,9.489393882,9.530177515,11.94653212,12.91913744,10.91240721,-2.325239512,-12.81044368,-2.46440753,8.238048179,5.433913825,3.429862914,2.879503461,4.109311692,2.708168476,4.711180776,5.473690576,
"Macao SAR, China",MAC,GDP per capita growth (annual %),NY.GDP.PCAP.KD.ZG,0.502669617,6.305378787,8.90045525,23.68285403,5.539388731,10.80348579,12.01762481,1.241062555,-0.826950941,22.51278636,18.88663519,6.679517288,8.632195209,-3.349794559,-23.14119319,-2.460044496,8.166864718,3.931608389,
St. Martin (French part),MAF,GDP per capita growth (annual %),NY.GDP.PCAP.KD.ZG,,,,,,,,,,,,,,,,,,,
Morocco,MAR,GDP per capita growth (annual %),NY.GDP.PCAP.KD.ZG,6.026196966,1.893682386,4.710812722,3.568368841,2.084411376,6.322032263,2.324123627,4.667095676,2.964362835,2.485646027,3.835323653,1.580512366,3.060343754,1.229493548,3.1031114,-0.221495789,2.736894992,1.648630514,
Monaco,MCO,GDP per capita growth (annual %),NY.GDP.PCAP.KD.ZG,1.171205354,-0.008221203,0.029491315,1.409073758,0.86270165,4.730114776,13.31858241,-0.334869133,-12.19138137,0.993333708,5.776260271,-0.207789358,8.290181838,5.990761481,3.798658465,2.543026005,-4.210200042,5.304565431,
Moldova,MDA,GDP per capita growth (annual %),NY.GDP.PCAP.KD.ZG,6.337533672,8.04993188,6.900603048,7.666089932,7.761873861,5.091668871,3.238976619,8.005387657,-5.881261361,7.20700853,5.879368781,-0.576691756,9.073067967,5.063663482,-0.274048789,4.472203087,4.772146278,3.496608997,
Madagascar,MDG,GDP per capita growth (annual %),NY.GDP.PCAP.KD.ZG,2.796227787,-15.29998908,6.518985024,2.15979964,1.558223501,1.999105964,3.215972593,3.708446279,-6.651940351,-2.151846628,-1.188668988,0.233006171,-0.437934209,0.585373194,0.390790757,1.234859158,1.185006414,1.810248204,
Maldives,MDV,GDP per capita growth (annual %),NY.GDP.PCAP.KD.ZG,-6.261285308,4.395119454,10.5568273,3.110259029,-15.39671978,23.07738083,5.245089047,6.844885057,-9.839784206,3.647137216,4.354973708,-1.80332647,2.54266069,2.537708683,-1.616077996,1.731998986,2.309280867,2.889730837,
Middle East & North Africa,MEA,GDP per capita growth (annual %),NY.GDP.PCAP.KD.ZG,-0.679872335,-0.288388105,3.50719611,5.914529339,2.981746006,3.858006104,2.956643586,2.268811267,-1.647175767,2.865471264,1.566158586,1.818539201,0.686679066,0.938935915,0.588083019,3.037458896,-0.279343259,0.59206928,
Mexico,MEX,GDP per capita growth (annual %),NY.GDP.PCAP.KD.ZG,-1.792903613,-1.402932265,0.072262315,2.494832985,0.869515797,2.984438342,0.782568094,-0.357632988,-6.67416705,3.617189436,2.227160852,2.247145121,0.029449417,1.499188933,2.013927114,1.679693916,0.936351596,0.991932458,
Marshall Islands,MHL,GDP per capita growth (annual %),NY.GDP.PCAP.KD.ZG,5.436264338,1.863540826,-3.614616958,-0.940880335,0.837275535,-0.25066522,2.248406648,-6.957270359,1.306744525,7.334043656,-1.045811719,-2.690509666,3.315056731,-1.357486931,1.131431293,0.787279499,3.477735628,2.994982208,
Middle income,MIC,GDP per capita growth (annual %),NY.GDP.PCAP.KD.ZG,2.072053884,3.011647911,4.090368606,6.442800841,5.729901569,6.654607927,7.210127974,4.372836189,1.07465362,6.128045864,4.742615871,3.908097206,3.901520368,3.206910195,2.563271976,2.787586462,3.455377481,3.233948977,
North Macedonia,MKD,GDP per capita growth (annual %),NY.GDP.PCAP.KD.ZG,-3.447947544,1.192195412,1.998684525,4.490136757,4.559806245,4.991381662,6.355178745,5.375728757,-0.44173607,3.273797407,2.253668163,-0.541872334,2.8360337,3.544454304,3.778043048,2.778401047,0.180289922,2.617176945,
Mali,MLI,GDP per capita growth (annual %),NY.GDP.PCAP.KD.ZG,12.04794879,0.041694827,5.787853267,-1.612450398,3.145417902,1.270556904,0.096615523,1.342846144,1.320388697,2.135870507,0.144374409,-3.721253908,-0.621668899,3.981680388,2.896755061,2.698505686,2.285864187,1.791676657,
Malta,MLT,GDP per capita growth (annual %),NY.GDP.PCAP.KD.ZG,-0.144491274,2.217929032,1.871518277,-0.228933647,3.12420097,1.45839227,3.624422341,2.676265866,-3.19485642,3.035346348,0.878821509,1.871040774,3.152352959,6.557244317,8.204925412,3.28465377,3.841166715,3.342797311,
Myanmar,MMR,GDP per capita growth (annual %),NY.GDP.PCAP.KD.ZG,10.15235644,10.90518951,12.78773931,12.59285207,12.67468886,12.27076439,11.26826335,9.574806889,9.844419191,8.875133566,4.784289857,6.449430572,7.508547128,7.10610606,6.180617815,5.135039472,6.083960111,5.555804238,
Middle East & North Africa (excluding high income),MNA,GDP per capita growth (annual %),NY.GDP.PCAP.KD.ZG,0.439414938,1.541161875,1.011057944,6.151452265,2.736772114,3.672291044,4.266892514,1.724982463,0.753901484,3.407777389,-2.692990846,0.963651633,-0.154752627,0.285265235,-0.781189343,5.868953582,1.174862912,,
Montenegro,MNE,GDP per capita growth (annual %),NY.GDP.PCAP.KD.ZG,0.693871395,1.496370321,2.074413928,4.241156669,4.026601866,8.431555487,6.662685811,7.032664172,-5.996973359,2.546263599,3.120074323,-2.805589651,3.44799976,1.684977361,3.332424034,2.925516359,4.704687214,5.082587772,
Mongolia,MNG,GDP per capita growth (annual %),NY.GDP.PCAP.KD.ZG,2.009383997,3.717785665,5.899766977,9.401050744,5.978681774,7.18034816,8.761902579,7.324809847,-2.815705841,4.562359683,15.15416281,10.15919245,9.43696905,5.745360276,0.388160071,-0.748813701,3.394558162,5.317252546,
Northern Mariana Islands,MNP,GDP per capita growth (annual %),NY.GDP.PCAP.KD.ZG,,,1.228038208,-1.932293397,-11.57881386,-5.791352704,-5.592486859,-10.10307447,-16.8737189,1.800671197,-7.762377591,-0.015858488,1.522249558,2.808187117,2.64046084,27.37934729,24.73789824,-20.06010379,
Mozambique,MOZ,GDP per capita growth (annual %),NY.GDP.PCAP.KD.ZG,8.952715068,6.132083108,3.79049731,4.788697313,3.602352021,6.651566266,4.782932442,4.383599184,3.443522912,3.606129559,4.491114414,4.345768201,4.042374111,4.434559392,3.740303766,0.884673467,0.775389933,0.458309216,
Mauritania,MRT,GDP per capita growth (annual %),NY.GDP.PCAP.KD.ZG,-0.715854115,-2.077965101,3.046142394,2.793688141,5.908565316,15.51866199,-0.091258623,-1.794010805,-3.875763004,1.751621384,1.664965817,2.715149048,3.007175022,2.534016282,-2.429921784,-1.023986082,0.208196427,0.714678742,
Mauritius,MUS,GDP per capita growth (annual %),NY.GDP.PCAP.KD.ZG,2.534262837,0.911910203,5.161670447,3.677809319,1.176699104,4.377586804,5.246496948,5.006539083,3.041100454,4.129198864,3.911001248,3.209499452,3.132851975,3.556904271,3.416023973,3.766596458,3.720567648,3.717228566,
Malawi,MWI,GDP per capita growth (annual %),NY.GDP.PCAP.KD.ZG,-7.32932715,-0.745454184,3.181805614,2.835450559,0.617770097,1.893621418,6.576082011,4.612470375,5.259064738,3.849632629,1.893187132,-0.985564538,2.255964336,2.778269574,0.002055023,-0.255885678,1.26339856,0.801419696,
Malaysia,MYS,GDP per capita growth (annual %),NY.GDP.PCAP.KD.ZG,-1.665144352,3.217412636,3.687927506,4.698552494,3.28229491,3.524283301,4.236454932,2.847079676,-3.285586654,5.62353738,3.666156283,3.959634656,3.270114055,4.595193584,3.687552271,3.04105536,4.313274212,3.334501101,
North America,NAC,GDP per capita growth (annual %),NY.GDP.PCAP.KD.ZG,0.031539706,0.93095563,2.060696128,2.851661818,2.692444012,1.982396255,1.365099685,-0.980531422,-3.451317932,1.737361018,0.9434751,1.416764216,1.148134702,1.715876713,1.909200218,0.749795272,1.582007632,2.110439302,
Namibia,NAM,GDP per capita growth (annual %),NY.GDP.PCAP.KD.ZG,-0.436584832,3.212408102,2.709079209,10.58480888,0.911969294,5.280924889,3.525639359,0.797146712,-1.518571851,4.146043621,3.248110949,3.238694404,3.783505318,4.48420943,4.185724353,-0.726735434,-2.706518584,-2.400819772,
New Caledonia,NCL,GDP per capita growth (annual %),NY.GDP.PCAP.KD.ZG,,,,,,,,,,,,,,,,,,,
Niger,NER,GDP per capita growth (annual %),NY.GDP.PCAP.KD.ZG,3.278124762,-0.706975742,1.486941309,-3.544773682,0.676101457,1.913996332,-0.656284489,5.524145661,-4.424091997,4.277583547,-1.605987439,7.573047302,1.234637621,3.416247219,0.364737337,0.952882045,0.942737603,2.495334702,
Nigeria,NGA,GDP per capita growth (annual %),NY.GDP.PCAP.KD.ZG,3.290568216,12.45747078,4.65778623,6.489599681,3.721623978,3.326217191,3.822070229,3.972514064,5.197959199,5.158545242,2.525324016,1.472867464,3.853730553,3.513963445,-0.029295429,-4.16841477,-1.788826785,-0.66557908,
Nicaragua,NIC,GDP per capita growth (annual %),NY.GDP.PCAP.KD.ZG,1.438772315,-0.673823995,1.110619944,3.882793224,2.868206974,2.734230433,3.641762867,2.023375314,-4.607272814,3.002479462,4.894348035,5.08177527,3.543426943,3.415102803,3.437079639,3.224413431,3.349797382,-5.015965544,
Netherlands,NLD,GDP per capita growth (annual %),NY.GDP.PCAP.KD.ZG,1.557458148,-0.420367773,-0.315789668,1.631188052,1.812699159,3.294949888,3.547359495,1.773356602,-4.161038583,0.82425996,1.078628214,-1.395919351,-0.424178634,1.059101269,1.508266154,1.649315547,2.304284803,2.00369176,
Norway,NOR,GDP per capita growth (annual %),NY.GDP.PCAP.KD.ZG,1.559548852,0.900636375,0.319967274,3.356838854,1.92887818,1.578382562,1.934029482,-0.768118887,-2.958585549,-0.54479433,-0.319991952,1.362949722,-0.180216051,0.826056236,0.957500763,0.18505968,1.50014938,0.577326046,
Nepal,NPL,GDP per capita growth (annual %),NY.GDP.PCAP.KD.ZG,3.05231948,-1.412581423,2.472762204,3.288699056,2.172227072,2.086993751,2.173376985,4.974640788,3.689462275,4.313243158,3.313879795,4.98141892,4.407231331,6.032235943,2.909442183,-0.319386313,6.789798201,4.907946941,
Nauru,NRU,GDP per capita growth (annual %),NY.GDP.PCAP.KD.ZG,,,,,,,,33.75337768,8.134930736,12.80176585,11.10705413,7.708964768,27.49245035,24.63741377,-2.317796345,5.543723649,5.554091793,7.131076826,
New Zealand,NZL,GDP per capita growth (annual %),NY.GDP.PCAP.KD.ZG,2.86143814,2.877543542,2.519712895,2.499149414,2.161695865,1.597939701,2.05707353,-1.8454778,-1.206319848,0.416658972,1.556889856,1.667074877,1.790270137,2.160846498,1.646308929,1.492584668,0.962158613,0.846632297,
OECD members,OED,GDP per capita growth (annual %),NY.GDP.PCAP.KD.ZG,0.682342927,0.808202811,1.317453556,2.476709046,2.101356735,2.332861683,1.94655819,-0.513853195,-4.136760899,2.260414444,1.318730834,0.647430153,0.837580689,1.371012813,1.763805656,1.089736089,1.878902229,1.677928988,
Oman,OMN,GDP per capita growth (annual %),NY.GDP.PCAP.KD.ZG,3.253729196,-2.790471809,-4.761808132,-1.166176694,-0.19231122,2.534105053,1.449415671,4.510197821,1.492543992,-0.889566128,-7.486548319,1.615034131,-3.023280943,-3.945213952,-1.151663899,0.014516512,-3.745563151,-1.682101824,
Other small states,OSS,GDP per capita growth (annual %),NY.GDP.PCAP.KD.ZG,2.551604847,2.825640458,2.61547037,7.478201681,3.8439282,8.347256637,7.08374674,4.667648018,-0.769861869,5.725149621,5.189113867,1.351129825,0.790912158,0.806557528,0.825510947,0.372539926,0.16934483,0.113216067,
Pakistan,PAK,GDP per capita growth (annual %),NY.GDP.PCAP.KD.ZG,-0.556853126,0.75939527,2.419428972,4.921000445,5.222981078,3.770350831,2.467959373,-0.574302682,0.560539366,-0.60130091,0.553814319,1.328979726,2.223277179,2.507376248,2.567413562,3.349984034,3.386596026,3.67671211,
Panama,PAN,GDP per capita growth (annual %),NY.GDP.PCAP.KD.ZG,-1.35671283,0.296357993,2.261697975,5.538679386,5.232317432,6.683938828,9.973369182,7.902080986,-0.539360011,3.983842194,9.397799359,7.911486596,5.096771298,3.292575557,3.943093867,3.183013796,3.533900797,1.936964073,
Peru,PER,GDP per capita growth (annual %),NY.GDP.PCAP.KD.ZG,-0.656163165,4.279639615,3.132750648,4.000778546,5.362300567,6.626215977,7.633650272,8.250627366,0.287068446,7.455358648,5.467384491,5.267528821,4.90257197,1.305704682,1.963317088,2.422901295,0.829119681,2.205617031,
Philippines,PHL,GDP per capita growth (annual %),NY.GDP.PCAP.KD.ZG,0.722897615,1.490084282,2.838512181,4.608561495,2.816617547,3.372022692,4.807859333,2.438131312,-0.506779975,5.853846681,1.92077308,4.881194404,5.267653061,4.411728032,4.404527665,5.285169945,5.146628571,4.770738946,
Palau,PLW,GDP per capita growth (annual %),NY.GDP.PCAP.KD.ZG,4.864098541,2.133831499,-3.679745616,4.668225371,4.51055256,-0.280036651,3.363699301,-3.2930554,-4.110635086,2.132223806,6.106629461,2.447511916,-1.223803871,4.254982233,9.832108612,0.455478151,-3.967610937,1.143233089,
Papua New Guinea,PNG,GDP per capita growth (annual %),NY.GDP.PCAP.KD.ZG,-2.245084264,-2.188785257,0.11608504,0.605595554,4.041721296,2.999575176,5.255896221,-2.693032551,4.280554875,7.631814837,-1.08035047,2.47919334,1.726992563,11.28121975,7.308886761,2.014465018,1.497654841,-2.760114412,
Poland,POL,GDP per capita growth (annual %),NY.GDP.PCAP.KD.ZG,1.275899371,2.08889313,3.632376841,5.19717191,3.539162017,6.246949319,7.092969372,4.235392557,2.750609034,3.903262076,4.960782917,1.608149565,1.453110959,3.395806446,3.908293902,3.108219795,4.924567738,5.137713695,
Pre-demographic dividend,PRE,GDP per capita growth (annual %),NY.GDP.PCAP.KD.ZG,1.945696316,3.048216981,-3.141147169,9.674722761,3.763486606,4.21499864,3.629967909,3.924392618,2.138122028,3.304658941,1.59048986,2.66074197,2.909015337,1.81067669,0.174159605,0.220276214,-1.237814609,-0.781948924,
Puerto Rico,PRI,GDP per capita growth (annual %),NY.GDP.PCAP.KD.ZG,6.086049154,0.78642427,-0.009183943,8.726426357,-1.845460369,-0.991029991,-0.582297438,-1.266583453,-1.416210879,0.092102072,0.80057306,1.24696939,0.842159018,0.436573539,0.708618282,0.669450912,-0.271578083,-1.041080619,
"Korea, Dem. People’s Rep.",PRK,GDP per capita growth (annual %),NY.GDP.PCAP.KD.ZG,,,,,,,,,,,,,,,,,,,
Portugal,PRT,GDP per capita growth (annual %),NY.GDP.PCAP.KD.ZG,1.227263608,0.220542604,-1.301742034,1.545620165,0.595038057,1.441936648,2.305552455,0.174700135,-3.214389626,1.690928749,-1.551469281,-3.667531626,-0.37739792,1.337120779,2.214483117,2.341822937,3.759094562,2.625968365,
Paraguay,PRY,GDP per capita growth (annual %),NY.GDP.PCAP.KD.ZG,-2.756616979,-1.892274849,2.449874221,2.285779018,0.493016048,3.227657269,3.923926917,4.909779406,-1.595789314,9.648636754,2.834385667,-1.894340158,6.939282909,3.442783303,1.705403129,2.941236699,3.594847098,2.349990344,
West Bank and Gaza,PSE,GDP per capita growth (annual %),NY.GDP.PCAP.KD.ZG,-11.59863728,-14.69701374,11.13938499,7.559219016,8.003429177,-6.325078496,3.901438672,3.20045652,5.801803251,5.327861678,9.610522253,3.693569575,-0.207437731,-2.494494051,1.086642707,2.382789566,1.10936177,-1.618564497,
Pacific island small states,PSS,GDP per capita growth (annual %),NY.GDP.PCAP.KD.ZG,0.107757747,0.838374591,0.905250725,2.767773597,1.059449605,1.215215655,-0.014685414,0.472229273,-2.590900231,1.612058341,2.608390863,-0.092963303,1.72949514,2.515023451,2.724614871,1.88169019,2.555575146,1.180639279,
Post-demographic dividend,PST,GDP per capita growth (annual %),NY.GDP.PCAP.KD.ZG,1.055240589,1.000955726,1.511907864,2.591376049,2.224270433,2.421382306,2.07732484,-0.38110913,-3.97603143,2.35115361,1.317210977,0.698066044,0.893842045,1.405576095,1.649867675,1.184348453,1.935652988,1.790101596,
French Polynesia,PYF,GDP per capita growth (annual %),NY.GDP.PCAP.KD.ZG,,,,,,,,,,,,,,,,,,,
Qatar,QAT,GDP per capita growth (annual %),NY.GDP.PCAP.KD.ZG,0.089674394,2.857857634,-2.505173967,7.896398995,-6.428873817,6.765009207,-0.966955089,-0.209667769,-2.810312752,6.618784875,3.376589721,-2.949647859,-1.867995867,-1.205859563,-0.645691868,-1.280179157,-1.042852988,-0.584669133,
Romania,ROU,GDP per capita growth (annual %),NY.GDP.PCAP.KD.ZG,6.696673666,7.655869434,3.081963843,11.05911322,5.316506112,8.670675853,8.829648237,11.1442089,-4.726982601,-3.328750364,2.510130947,2.532603026,3.899639726,3.798887022,4.36163304,5.40266296,7.739432495,4.559978445,
Russian Federation,RUS,GDP per capita growth (annual %),NY.GDP.PCAP.KD.ZG,5.546780908,5.18278578,7.787899658,7.632419622,6.806628492,8.554807566,8.685697584,5.246206669,-7.827754905,4.453103204,4.218741172,3.525674995,1.583474519,-1.080941759,-2.518180983,0.145592471,1.515174583,2.261780504,
Rwanda,RWA,GDP per capita growth (annual %),NY.GDP.PCAP.KD.ZG,4.563935472,10.56068975,0.648512295,5.920687029,7.402096473,8.242643768,4.958963912,8.234427024,3.443601389,4.591582117,5.294432862,6.001672866,2.183424459,3.557879599,6.134661389,3.25889875,3.35217886,5.772764955,
South Asia,SAS,GDP per capita growth (annual %),NY.GDP.PCAP.KD.ZG,2.423553283,1.866454164,5.405938452,5.730567949,5.938282781,6.01744941,5.662661555,1.680850256,5.569189028,6.179902169,3.698555278,4.110158251,4.717750969,5.638262746,6.142454135,6.38428943,5.634505867,5.396237159,
Saudi Arabia,SAU,GDP per capita growth (annual %),NY.GDP.PCAP.KD.ZG,-3.721164612,-5.505128297,8.015580031,4.803447825,2.543984583,-0.073621497,-0.928231271,3.360699553,-4.787315002,2.008917159,6.703981812,2.20265505,-0.367217943,0.754234777,1.478372238,-0.60112929,-2.710455141,0.607923521,
Sudan,SDN,GDP per capita growth (annual %),NY.GDP.PCAP.KD.ZG,3.577953183,3.498053937,4.765095241,1.020711095,4.535015517,7.049702744,8.488101922,4.908136455,0.528232163,0.821545219,7.25566561,11.8286972,1.920140942,0.232297871,2.410886348,2.218332386,1.814938773,-4.629843228,
Senegal,SEN,GDP per capita growth (annual %),NY.GDP.PCAP.KD.ZG,2.096989108,-1.768607044,4.074528425,3.240026145,2.955563927,-0.168340821,2.201573081,1.303246756,-0.641920073,0.760392106,-1.310164403,2.229589548,-0.016039671,3.662367461,3.421585662,3.412110213,4.125502424,3.837062008,
Singapore,SGP,GDP per capita growth (annual %),NY.GDP.PCAP.KD.ZG,-3.701955961,2.970622872,6.088641979,8.453248075,4.864976351,5.646813836,4.573558962,-3.411008827,-2.853515056,12.51431494,4.0697386,1.917945558,3.131434733,2.560207197,1.679018806,1.635085531,3.607948953,2.656150008,
Solomon Islands,SLB,GDP per capita growth (annual %),NY.GDP.PCAP.KD.ZG,-10.42787349,-5.364429507,3.739922189,2.262523112,2.868433479,4.465712159,4.909438053,4.717146744,-6.924156961,4.243334167,10.34024457,1.820908979,0.264323898,-0.49200242,-0.184714291,0.501603028,0.987148211,1.179036123,
Sierra Leone,SLE,GDP per capita growth (annual %),NY.GDP.PCAP.KD.ZG,-9.684600839,21.02805995,4.367635787,2.028761747,0.587596576,0.941003399,5.164462977,2.924341082,0.899311289,3.000008945,3.924040207,12.6192137,18.05313719,2.274599807,-22.3122503,3.784629837,1.990240068,1.259327721,
El Salvador,SLV,GDP per capita growth (annual %),NY.GDP.PCAP.KD.ZG,0.212349623,0.982329174,1.021030289,0.393014603,2.226761785,3.874747652,1.419975891,2.136693683,-2.498308379,1.671866786,3.370851043,2.3646277,1.772919113,1.24121833,1.913360583,2.006773228,1.794409426,2.017978144,
San Marino,SMR,GDP per capita growth (annual %),NY.GDP.PCAP.KD.ZG,4.223237058,-0.951246357,2.472668942,3.221090139,1.040266059,2.540764644,5.836670511,0.411017641,-13.90531441,-5.916413819,-10.67575291,-8.827095134,-4.367140673,-2.088069079,-0.379634528,1.492311366,0.996584598,,
Somalia,SOM,GDP per capita growth (annual %),NY.GDP.PCAP.KD.ZG,,,,,,,,,,,,,,,,,,,
Serbia,SRB,GDP per capita growth (annual %),NY.GDP.PCAP.KD.ZG,5.173400781,7.214537509,4.637781779,9.30124667,10.48574122,5.521890134,6.871971794,6.106318259,-2.34092987,1.136803125,2.8450087,-0.198375653,3.394520937,-1.126396136,2.281133161,3.882939173,2.593850056,4.971964525,
Sub-Saharan Africa (excluding high income),SSA,GDP per capita growth (annual %),NY.GDP.PCAP.KD.ZG,1.576252813,3.596528307,1.561708238,3.755253526,3.415619,3.329095023,3.774661121,2.542562442,0.276636356,2.741872448,1.636203104,1.248530582,2.184625586,1.859400043,0.089043931,-1.448981097,-0.167656651,-0.2865761,
South Sudan,SSD,GDP per capita growth (annual %),NY.GDP.PCAP.KD.ZG,,,,,,,,,0.384644273,1.431553891,-7.767019249,-47.59058016,10.49253387,1.416363347,-12.13179823,,,,
Sub-Saharan Africa,SSF,GDP per capita growth (annual %),NY.GDP.PCAP.KD.ZG,1.570230794,3.591818362,1.55338922,3.748293655,3.417859489,3.331544962,3.777765205,2.536768952,0.273912781,2.742121986,1.639120935,1.246716654,2.185415008,1.859403678,0.090564602,-1.44651061,-0.166189438,-0.285488423,
Small states,SST,GDP per capita growth (annual %),NY.GDP.PCAP.KD.ZG,2.258089153,2.836079275,3.116074608,6.521493065,3.676227839,7.828537131,6.165419286,3.958663471,-1.305680551,4.905569118,4.48551792,1.315592163,0.797368227,0.780918125,0.904703493,0.1157696,0.170644069,0.296178518,
Sao Tome and Principe,STP,GDP per capita growth (annual %),NY.GDP.PCAP.KD.ZG,,0.507741075,4.470556988,1.588585941,4.553666604,6.275066907,0.385725172,5.138852111,-0.343507563,4.013627968,2.048557565,1.017865608,2.805117064,4.56838862,1.870057105,2.227094019,1.934093585,0.741508911,
Suriname,SUR,GDP per capita growth (annual %),NY.GDP.PCAP.KD.ZG,2.969047783,1.594288311,5.056707677,7.239131366,3.289638175,4.572707934,3.901180271,2.946747081,1.834510987,3.972304211,4.653175527,1.539448592,1.79632115,-0.828461589,-4.425106353,-6.521650973,0.687495235,0.927865887,
Slovak Republic,SVK,GDP per capita growth (annual %),NY.GDP.PCAP.KD.ZG,3.442926965,4.547440287,5.568547823,5.300319122,6.613003283,8.488189504,10.79969361,5.484389109,-5.581435756,5.622368091,2.731898641,1.722548067,0.562723799,2.652766168,4.722349491,1.991888106,2.880954772,3.885130152,
Slovenia,SVN,GDP per capita growth (annual %),NY.GDP.PCAP.KD.ZG,3.05412421,3.377419401,2.89819724,4.292355477,3.618338776,5.409482666,6.383590592,3.346279253,-8.380320513,0.902771384,0.652024557,-2.843704993,-1.163521933,2.667133249,2.133258045,3.046245196,4.765096737,4.068661066,
Sweden,SWE,GDP per capita growth (annual %),NY.GDP.PCAP.KD.ZG,1.195871483,1.864015009,1.864868454,3.916623478,2.485190718,4.015768097,2.666726403,-1.016419757,-5.048769542,5.287589763,2.277054677,-1.363357632,0.234883648,1.732849905,3.322414698,1.134315545,1.041163393,0.965620049,
Eswatini,SWZ,GDP per capita growth (annual %),NY.GDP.PCAP.KD.ZG,0.239833681,3.821866798,3.500058278,3.272135443,5.557225775,5.428187092,3.778305104,0.121348732,0.842593959,3.075372474,1.560992276,4.682768649,3.140670962,0.15917278,1.476298495,0.364686673,1.048120089,1.320645339,
Sint Maarten (Dutch part),SXM,GDP per capita growth (annual %),NY.GDP.PCAP.KD.ZG,,,,,,,,,,3.751509141,6.542775596,-2.13646282,-4.136775648,-1.325377725,-2.442133926,-2.442091232,-9.791348048,,
Seychelles,SYC,GDP per capita growth (annual %),NY.GDP.PCAP.KD.ZG,-2.356613212,-1.834808541,-4.816177359,-2.490007934,8.501896906,7.15334449,9.859154622,-4.310878182,-1.492677418,3.037276524,10.76086835,0.272336547,4.078024634,2.891898203,2.623391524,3.114471399,3.0631085,2.6431477,
Syrian Arab Republic,SYR,GDP per capita growth (annual %),NY.GDP.PCAP.KD.ZG,2.969039501,3.928419992,-1.309626216,4.42588351,3.115128083,1.154172947,1.345096533,,,,,,,,,,,,
Turks and Caicos Islands,TCA,GDP per capita growth (annual %),NY.GDP.PCAP.KD.ZG,,,,,,,,,,,,-4.501374097,-0.575537126,4.778921132,4.139318193,2.74913612,2.713370755,3.74471268,
Chad,TCD,GDP per capita growth (annual %),NY.GDP.PCAP.KD.ZG,7.509939669,4.387174814,10.3809171,28.67596183,13.12730466,-2.821410204,-0.173739977,-0.315847628,0.822919411,9.826047645,-3.227478715,5.273573994,2.216698377,3.433016822,-0.490774024,-9.156966402,-5.928776623,-0.415664166,
East Asia & Pacific (IDA & IBRD countries),TEA,GDP per capita growth (annual %),NY.GDP.PCAP.KD.ZG,5.7184596,6.910947469,7.818403487,8.060776022,8.845283101,9.931357477,11.32803072,7.644474671,6.921773785,8.995841137,7.694628435,6.732697134,6.423265508,5.982384437,5.744832727,5.599498169,5.694156164,5.603539185,
Europe & Central Asia (IDA & IBRD countries),TEC,GDP per capita growth (annual %),NY.GDP.PCAP.KD.ZG,2.533642991,5.071535953,6.165001198,7.789833017,6.617057421,7.721033048,7.398224234,4.096204414,-5.255823036,4.308691775,5.267764829,2.815859986,3.059125442,1.785688989,0.678375654,1.395972908,3.620285986,2.690445958,
Togo,TGO,GDP per capita growth (annual %),NY.GDP.PCAP.KD.ZG,-4.31155737,-3.485615407,2.323803631,-0.441995467,-1.413706333,1.321679499,-0.43042814,1.272950921,2.711307907,3.276567178,3.587171765,3.745928899,3.352029841,3.200959831,3.069217637,2.933538177,1.801872363,2.375272507,
Thailand,THA,GDP per capita growth (annual %),NY.GDP.PCAP.KD.ZG,2.489311397,5.270962889,6.390964576,5.560854994,3.517486826,4.335761896,4.846390268,1.192174899,-1.189538348,6.988480708,0.357024259,6.740727971,2.222433012,0.550265985,2.719976106,2.97163312,3.665573947,3.80126981,
Tajikistan,TJK,GDP per capita growth (annual %),NY.GDP.PCAP.KD.ZG,7.808885532,8.969216162,8.983818465,8.368482736,4.650489995,4.987680214,5.622764225,5.706529111,1.708769846,4.219136546,5.02707203,5.065808826,4.935751742,4.209724631,3.485426878,4.28796556,4.991499098,4.699464341,
Turkmenistan,TKM,GDP per capita growth (annual %),NY.GDP.PCAP.KD.ZG,3.247615124,-0.74151969,2.254316014,3.936473187,11.8157677,9.693729713,9.690322296,13.17494782,4.570624903,7.498659234,12.7742066,9.121441808,8.177788644,8.283140408,4.606273047,4.379132846,4.737284874,4.507616162,
Latin America & the Caribbean (IDA & IBRD countries),TLA,GDP per capita growth (annual %),NY.GDP.PCAP.KD.ZG,-0.712005768,-1.128626615,0.218785739,4.915944244,3.005952521,4.042353068,4.369177089,2.812556702,-3.060267435,4.834075669,3.320384482,1.688182576,1.690487324,-0.053068198,-1.463305122,-2.515176507,-0.275404706,-0.420040396,
Timor-Leste,TLS,GDP per capita growth (annual %),NY.GDP.PCAP.KD.ZG,7.16115617,-9.034833913,-3.729635568,59.89692937,32.70653772,38.70876981,3.238086899,7.940305009,-7.689938329,-2.911434387,9.492589806,3.183773589,-12.65133541,-27.23441026,18.41022155,-1.191807954,-10.90571281,0.810281645,
Middle East & North Africa (IDA & IBRD countries),TMN,GDP per capita growth (annual %),NY.GDP.PCAP.KD.ZG,0.531438209,1.651542135,0.958904119,6.146835798,2.707396245,3.743004842,4.273401324,1.721119324,0.726780374,3.399061048,-2.773718013,0.945068419,-0.152132268,0.309744226,-0.793783172,5.899235407,1.176672678,,
Tonga,TON,GDP per capita growth (annual %),NY.GDP.PCAP.KD.ZG,3.061094763,2.860121028,1.527236671,-0.976846143,0.890557954,-1.593389499,-4.983226773,2.303677223,1.787479552,3.490026967,3.205965319,1.700493367,-2.198151265,2.820258698,3.966029962,3.019654751,1.829046648,-0.865346735,
South Asia (IDA & IBRD),TSA,GDP per capita growth (annual %),NY.GDP.PCAP.KD.ZG,2.423553283,1.866454164,5.405938452,5.730567949,5.938282781,6.01744941,5.662661555,1.680850256,5.569189028,6.179902169,3.698555278,4.110158251,4.717750969,5.638262746,6.142454135,6.38428943,5.634505867,5.396237159,
Sub-Saharan Africa (IDA & IBRD countries),TSS,GDP per capita growth (annual %),NY.GDP.PCAP.KD.ZG,1.570230794,3.591818362,1.55338922,3.748293655,3.417859489,3.331544962,3.777765205,2.536768952,0.273912781,2.742121986,1.639120935,1.246716654,2.185415008,1.859403678,0.090564602,-1.44651061,-0.166189438,-0.285488423,
Trinidad and Tobago,TTO,GDP per capita growth (annual %),NY.GDP.PCAP.KD.ZG,3.801616874,7.465061828,13.87518577,7.40081385,5.686372689,12.68145937,4.282658,2.920417068,-4.861255151,2.761778039,-0.893627889,0.619413976,1.55824606,-1.541105041,1.229779357,-6.788648342,-2.771450649,-0.66049439,
Tunisia,TUN,GDP per capita growth (annual %),NY.GDP.PCAP.KD.ZG,2.88948964,0.528632063,3.923076987,5.419596499,2.621374098,4.269842767,5.637711617,3.139722455,1.954236484,2.444381369,-2.89085825,2.989797034,1.880398522,1.945239942,0.137805237,0.151743933,0.671392806,1.315252125,
Turkey,TUR,GDP per capita growth (annual %),NY.GDP.PCAP.KD.ZG,-7.357004005,4.873126415,4.099724437,8.136504184,7.577002425,5.780364538,3.785102355,-0.353052183,-5.910728447,6.979031877,9.423771199,3.092660285,6.668729425,3.391928505,4.333082771,1.513283649,5.774472865,1.305564285,
Tuvalu,TUV,GDP per capita growth (annual %),NY.GDP.PCAP.KD.ZG,0.669633826,6.62697766,-4.625603184,-2.781569917,-5.040215499,0.927804672,5.299649402,7.009589849,-5.441330514,-3.708599863,6.474466076,-4.784944335,3.440223797,0.285761365,7.894029393,1.878164123,2.766521449,1.270855057,
Tanzania,TZA,GDP per capita growth (annual %),NY.GDP.PCAP.KD.ZG,3.342612444,4.224187823,3.733822715,4.512537376,4.489379633,3.579046618,3.801081147,2.731038261,2.293184729,3.290252459,4.5498065,1.442555391,3.638008388,3.581372758,3.025983613,3.713713798,3.640010881,2.11505516,
Uganda,UGA,GDP per capita growth (annual %),NY.GDP.PCAP.KD.ZG,1.997414455,5.370163846,3.140220601,3.459235393,3.016798329,7.345864106,5.048748955,5.331585491,3.471575151,2.324401765,5.964687795,0.585699589,0.290029688,1.641212971,1.573939518,1.022778127,0.040409572,2.274615022,
Ukraine,UKR,GDP per capita growth (annual %),NY.GDP.PCAP.KD.ZG,10.30727115,6.300351349,10.40822244,12.96247767,3.754886288,8.168756108,8.237512663,2.859468827,-14.37928971,4.247726915,5.845341746,0.486676587,0.201173611,-1.144531809,-9.444243135,2.854863799,2.917123364,3.862732572,
Upper middle income,UMC,GDP per capita growth (annual %),NY.GDP.PCAP.KD.ZG,2.23448643,3.38505476,4.363612502,7.144802063,6.324930839,7.412603147,8.106340216,5.109536046,0.780371017,6.739165361,5.451302335,4.301287203,4.147631611,3.232017862,2.410487536,2.679148603,3.527834512,3.26438879,
Uruguay,URY,GDP per capita growth (annual %),NY.GDP.PCAP.KD.ZG,-4.010015008,-7.747736413,0.877225559,5.073457605,7.449553681,3.985945312,6.338516713,6.904307469,3.949250144,7.49536553,4.860624876,3.23053406,4.314466923,2.904977807,0.030240592,1.32976957,2.217768644,1.247312548,
United States,USA,GDP per capita growth (annual %),NY.GDP.PCAP.KD.ZG,0.003648979,0.802103852,1.980925834,2.842680642,2.563502406,1.867955514,0.911865598,-1.076700087,-3.38743566,1.71674816,0.816231684,1.502170583,1.138497258,1.702634247,2.125122816,0.835127873,1.564444431,2.291729492,
Uzbekistan,UZB,GDP per capita growth (annual %),NY.GDP.PCAP.KD.ZG,2.853468769,2.70878259,3.026728084,6.216411405,5.713013286,6.148245628,7.925723268,7.292860007,6.243041209,4.602330394,4.930346737,5.806544635,5.917268041,5.386563297,5.589759241,4.265324991,2.717643593,3.314122563,
St. Vincent and the Grenadines,VCT,GDP per capita growth (annual %),NY.GDP.PCAP.KD.ZG,1.603685662,6.123948739,7.462136175,3.977750405,2.39175781,7.699268329,3.423506271,1.701620123,-2.003227969,-3.324957351,-0.47543202,1.271160135,1.657480039,0.99182752,1.063831871,1.607925197,0.661933524,1.8080933,
"Venezuela, RB",VEN,GDP per capita growth (annual %),NY.GDP.PCAP.KD.ZG,1.489554925,-10.50397526,-9.384248743,16.26195718,8.498846743,8.16271041,7.167369512,3.798934326,-4.566942212,-2.90526003,2.559313287,3.920542223,-0.089837107,-4.731050162,-6.335765892,-16.38532797,-14.36368832,-18.1731061,
British Virgin Islands,VGB,GDP per capita growth (annual %),NY.GDP.PCAP.KD.ZG,,,,,,,,,,,,,,,,,,,
Virgin Islands (U.S.),VIR,GDP per capita growth (annual %),NY.GDP.PCAP.KD.ZG,,,-0.330430228,2.976672228,3.644686565,3.705181531,4.066184896,0.885831729,-6.646659877,0.947883005,-8.102479143,-14.93992302,-5.702693185,-0.719194741,0.356033326,1.092104406,-1.474767186,,
Vietnam,VNM,GDP per capita growth (annual %),NY.GDP.PCAP.KD.ZG,5.098528794,5.2881734,5.902507608,6.550976322,6.559635355,5.985669404,6.123607298,4.65245944,4.370643753,5.364180765,5.159735794,4.156333781,4.317191047,4.872999042,5.571390342,5.12005124,5.730628273,6.018088398,
Vanuatu,VUT,GDP per capita growth (annual %),NY.GDP.PCAP.KD.ZG,-5.654697769,-7.41150818,1.65200958,1.352113324,2.709049672,5.890775701,2.728576024,3.969977746,0.825647943,-0.9369117,-1.464068744,-1.037297408,-0.866210852,-0.481576351,-2.476385498,0.822602666,1.774550804,0.671832718,
World,WLD,GDP per capita growth (annual %),NY.GDP.PCAP.KD.ZG,0.643453172,0.888643018,1.674057625,3.109400486,2.634810706,3.096926537,3.045459634,0.603303586,-2.867653162,3.05817848,1.939325515,1.30736097,1.452335867,1.632856104,1.616978803,1.300825973,1.943506462,1.844426498,
Samoa,WSM,GDP per capita growth (annual %),NY.GDP.PCAP.KD.ZG,6.367849777,3.743627381,3.881263264,3.977063921,3.497570897,1.321059417,5.639311776,0.338312642,-5.475185787,-0.273560947,3.328755457,-4.90992963,-1.269412662,-0.70479949,3.576010581,7.486489447,0.593095126,-2.556174478,
Kosovo,XKX,GDP per capita growth (annual %),NY.GDP.PCAP.KD.ZG,26.88778342,-0.768380016,5.908225728,2.542539707,5.961247148,3.667025005,6.427746788,1.821482029,2.768410407,2.482131366,3.484179851,2.000908265,2.369683692,1.350595116,5.250739703,3.245155854,3.400568043,2.991943369,
"Yemen, Rep.",YEM,GDP per capita growth (annual %),NY.GDP.PCAP.KD.ZG,0.853193805,0.974921232,0.789304934,1.019024632,2.612579542,0.276736062,0.450008646,0.76129366,0.986330046,4.732881651,-15.10799389,-0.391762566,2.014296781,-2.802976199,-18.79909915,-15.75267541,-8.194889566,-4.968006747,
South Africa,ZAF,GDP per capita growth (annual %),NY.GDP.PCAP.KD.ZG,1.339790661,2.397942551,1.696827032,3.289032502,3.982017457,4.277783336,4.008500447,1.823487575,-2.898730937,1.551072526,1.720714283,0.607949069,0.852684804,0.247278816,-0.341677246,-1.060868204,-0.003138954,-0.572080197,
Zambia,ZMB,GDP per capita growth (annual %),NY.GDP.PCAP.KD.ZG,2.595847475,1.843714104,4.236896689,4.30902148,4.471508883,5.091500577,5.497427053,4.875226417,6.190402016,7.129783614,2.42393404,4.310371762,1.811957542,1.478424435,-0.188631779,0.687321043,0.395739931,0.815169499,
Zimbabwe,ZWE,GDP per capita growth (annual %),NY.GDP.PCAP.KD.ZG,1.078593579,-9.125525055,-17.18858298,-6.102875118,-6.1544486,-4.087258633,-4.44283847,-18.49113627,10.70129908,18.0659669,12.45285714,14.70117262,0.192501099,0.596198049,0.10045602,-0.793566446,3.186399034,4.672029259,
,,,,1.912802948,1.772479817,2.438147797,4.643783412,3.788113687,4.430309178,4.330004843,2.366143386,-1.413542937,2.952678524,2.289332015,2.11791257,1.87924941,1.858123754,1.439925226,1.600028721,1.832771822,1.750772318,
