Exporters,Exported value in 2001,Exported value in 2002,Exported value in 2003,Exported value in 2004,Exported value in 2005,Exported value in 2006,Exported value in 2007,Exported value in 2008,Exported value in 2009,Exported value in 2010,Exported value in 2011,Exported value in 2012,Exported value in 2013,Exported value in 2014,Exported value in 2015,Exported value in 2016,Exported value in 2017,Exported value in 2018,Exported value in 2019
World,6127467761,6424391781,7486202969,9099996891,10340858415,11956256558,13832342053,15969594225,12346656501,15095502449,18103987370,18395803866,18881587009,18878970324,16399773904,15881855749,17550866220,19284580098,
China,266098209,325595970,438227767,593325581,761953410,968935601,1220059668,1430693100,1201646800,1577763800,1898388400,2048782200,2209007300,2342292696,2273468224,2097637172,2263370504,2494230195,
United States of America,729080421,693068307,724736583,814844394,901041411,1037029245,1162538150,1299898877,1056712100,1278099187,1481682200,1544932000,1577587300,1619742900,1501845864,1451459684,1546462344,1665992032,1645174335
Germany,571426720,615997391,748531267,911742096,977131972,1121962887,1328841354,1457462950,1125844048,1267743109,1483802558,1410146321,1450937515,1498157800,1323665116,1340752046,1446642435,1556744351,1486462772
Japan,403344077,416729388,472006874,565761137,594940866,646725059,714327036,781412163,580718734,769773832,823183759,798620023,715097244,690217466,624873508,644932439,698132787,738188768,705656020
"Korea, Republic of",150430886,162466097,193817314,253844609,284418167,325457247,371477104,422003479,363531063,466380620,555208898,547854448,559648708,573091134,526900733,495465606,573716618,605169190,542333337
Netherlands,216157869,219820522,264796482,318040303,349813023,400685883,477640554,545853405,431502452,492645872,530575759,552461794,571246855,571347542,437329137,444867363,505941305,585622815,
"Hong Kong, China",191067244,201927773,228708303,265605542,292118674,322668792,349385575,370241819,329421935,400692015,455573380,492907472,535186743,524064899,510552779,516588131,549861455,569105740,535711019
France,289599105,304891879,358131717,413708422,434354245,479012852,539730712,594504995,464112811,511651043,585723824,558460545,567987698,569086275,495148752,490008030,524009722,568974863,555142797
Italy,244252016,254215604,299465736,353543123,372957146,417152997,500203413,541786283,406479127,446839830,523256296,501528851,518095103,529528733,456988626,461667625,507430236,543466795,
United Kingdom,279425459,285996254,312059900,355027954,392744019,458598557,454005490,482020962,359615540,422014118,517288693,481225754,548041853,511145443,466295683,411463356,442065707,487069299,469167656
Belgium,190309487,215803005,255553661,307690420,335691778,366835492,431743843,471797820,370879194,407595914,475957504,446854421,511505015,472201274,397739157,398033265,429980168,466653580,
Canada,261058775,252584260,272229686,317161192,360552446,388178676,419881604,455632184,315176831,386579900,450430008,454098967,456598271,475177176,408697324,390020604,420688035,450722776,446464616
Mexico,158386217,160750540,164906509,187980442,214207306,249960546,271821215,291264809,229712337,298305075,349326582,370706658,379949273,396881846,380527500,373900013,409451378,450531651,
Russian Federation,99868397,106691998,133655685,181600379,241451657,301550666,352266399,467993955,301796059,397067521,516992618,524766421,527265919,497833529,343907652,285491052,359151975,449347157,
Singapore,121753789,125177091,159963348,198632635,230343507,273382013,301594913,341079321,271079918,353240365,416289216,415615110,419931654,415418247,357941229,338081970,373254554,411741747,390344504
"Taipei, Chinese",122865858,130756458,144049516,174316269,188984732,223680013,245975138,254912272,203498546,274629404,307608831,300965330,304548376,313156430,279969446,280479468,317664787,335815761,
Spain,116148838,125872283,156004713,182727354,192798427,214061202,253753922,279231468,223132208,246265330,298170964,285936446,310963648,318649312,278122010,281776674,319621896,328527654,333626536
India,43878489,50097958,59360659,75904200,100352637,121200606,145898053,181860898,176765036,220408496,301483250,289564769,336611389,317544642,264381004,260326912,295846887,323056409,
United Arab Emirates,,,,,115452993,,156634000,210000000,,,,350123000,379488768,380339616,333362350,298650942,313547597,316922502,
Switzerland,82097697,91992367,104971878,123009911,130929632,147856286,172280973,200614754,172702655,195609280,234819262,312282673,357905224,311145884,291959194,304691297,299308693,310524275,314127579
Saudi Arabia,67674041,72128962,92765582,125551145,180277727,210823972,232855983,312999364,191810273,250577016,364139419,387373983,375360918,341947183,201491760,178874135,220068596,294535553,
Poland,35367141,40253902,52755502,73778928,89378069,109584113,138784983,171859898,136641305,157064948,188105090,179603599,203847918,214476794,194461157,196455270,221307621,261815269,
Australia,63288189,64984167,70288235,86484038,106011051,123324473,141181512,186853014,153899576,212108726,269423385,262466208,255621864,252602980,191192683,189554713,229743529,253827863,272359935
Thailand,64919226,68107865,80323274,96247901,110110034,130580046,153571126,177590394,152497203,195311520,228823973,229544513,228527440,227572764,210813560,213593669,236005981,249777335,245294173
Malaysia,88004108,93282453,104968562,126639701,141624046,160669231,175961863,198702475,157194832,198790691,226992682,227449500,228316107,234134977,200210872,189414073,217722507,247285745,238117127
Viet Nam,15029192,16706053,20149324,26485035,32447129,39826223,48561343,62685130,57096274,72236665,96905674,114529171,132032854,150217139,162016742,176580787,215118607,242969228,
Brazil,58286593,60438650,73203222,96677246,118528688,137806190,160648870,197942443,152994743,201915103,256038702,242578014,242032979,225098405,191126886,185235399,217739218,239889210,223998669
Czech Republic,33384210,44263576,48720350,65771587,78208548,95140986,120900492,146087029,112884321,132140914,162391721,156422743,161524152,174279452,157194123,162087332,182231361,202521578,198416033
Indonesia,56316867,57158751,61058187,71582468,85659948,100798616,114100873,137020424,116509992,157779103,203496619,190031839,182551754,176036194,150366281,144489796,168810043,180215034,
Austria,66492424,73112665,89256767,110829757,117721712,134169531,156588407,172227952,131387248,144882002,169511433,158820719,166273910,169712859,145275530,144700690,159970531,176991971,
Turkey,31333944,35761981,47252836,63120949,73476408,85534676,107271750,132027196,102142613,113883219,134906869,152461737,151802637,157610158,143850376,142529584,156992940,167923862,171098411
Ireland,82972822,88478829,93038464,104308435,110003088,108762824,122232811,127111345,116894674,120645180,129657903,120208958,118447212,123071289,124730515,132009760,138072213,167017888,169690689
Sweden,76303316,82983412,102410949,123309700,130263720,147370408,169061477,183880642,131116175,158410622,186898110,172439164,167494677,164680013,140001206,139273334,152902202,165926284,
Hungary,30497719,34336583,43003656,55468212,62271839,74055406,94590870,108211166,82571847,94748737,111216834,102829804,108014637,112536244,100296847,103071198,113382077,123957885,
Norway,59217129,59534884,67944291,82485230,103759175,122200204,136357021,173221369,114675480,130656792,160409821,160952207,155350553,144611290,104800055,89628327,101976020,122971518,102833180
Denmark,50973842,55673560,64614226,74740558,82278145,90886573,101957401,116271811,92090687,96216730,112713339,106104022,110469532,110748921,94618817,94729013,101434431,107969443,109866810
Iraq,,,,,,,,,,,,,,84506037,54602268,49442912,69018064,97231616,
"Iran, Islamic Republic of",23904000,28186000,33788000,44628000,60012000,63247000,83537407,107236085,77575221,108580979,137421481,132713014,92122800,90328135,60040642,78267311,91737444,96617521,
South Africa,25997549,23064420,31635889,40263523,46991047,52601760,64026608,73965546,53863892,82630650,107956345,98824504,95063105,92589503,80265368,74110817,88267960,94421532,90235678
Slovakia,12635923,14477417,21916964,27864034,31852134,41686247,58036003,70188697,55553022,63998613,78487243,79866996,85184158,86482653,75282774,77538777,84387576,94294380,
Qatar,10705850,8230924,13382575,18685087,25762498,34051307,42019943,67307143,48007107,74964415,114448012,132984792,136855146,131395763,77971079,,,84288459,
Romania,11384994,13875709,17618059,23485362,27729597,32336030,40264716,49538878,40620890,49413386,62692001,57904330,65881442,69764940,60607957,63510246,70710996,79672860,
Chile,18745415,17423088,21650906,33025407,41972988,60596328,68560429,64507601,55458960,71106106,81437589,78062995,76769729,75083497,62033060,60717528,68858402,75481714,
Finland,44300008,44517738,52509303,60918355,65238316,77279103,89798885,96896071,62860483,70116501,78794218,72974489,74445386,74338834,59682311,57325872,67280641,75258290,
Portugal,24086406,25825580,31833581,44354989,38672069,44777436,52483606,57246285,44249980,49414051,59588302,58140500,62794139,63834386,55045026,55371549,62116841,74135906,67068769
Kuwait,16164460,15406421,20638164,28647977,,56003317,62691156,87457022,51959754,62698237,102695762,114536221,114124843,101131955,55161618,46242450,54991871,71941445,
Philippines,32150203,35208159,36231205,39680520,41254683,47410117,50465711,49077540,38435802,51497515,48042129,51995224,56697803,61809755,58648083,56312748,68712611,67487668,
Israel,29061770,29511398,31782744,38620084,42770660,46791913,54091395,61337485,47934614,58413028,67796328,63140635,66781207,68965008,64062217,60570596,61150141,61906412,
Argentina,26610055,25709371,29938752,34575706,40106386,46546224,55779580,70018851,55672119,68174447,82981091,79982380,75962981,68404347,56783953,57879346,58384195,61558357,
Kazakhstan,8485515,9642683,12915947,20079043,27846085,38244423,47747902,71171956,43195762,57244064,88107934,92281521,84698536,79458749,45954426,36775323,48502739,60956233,57722942
Nigeria,18046400,18607402,24077148,,,59215233,53963111,81820518,49937460,86567913,125641031,143151183,89482086,99241744,48433351,32883045,40721848,52913529,
Ukraine,16264734,17927432,23066846,32666132,34227974,38367609,49294390,66952306,39695648,51430286,68393034,68694495,63320469,53913302,38127040,36361032,43428391,47334680,
Peru,6825611,7665214,9026639,12726497,17114289,23764897,28084585,31288212,26738260,35807438,46386022,46366536,42568899,38645855,33667007,36309959,44024926,47223269,
Bangladesh,5388747,5417273,6403426,8267482,9331583,11696700,13142953,15506719,15558634,19230983,24313744,24513501,24537341,,31734162,38439240,40699548,45126993,
Oman,11073950,11237019,12196358,13380753,18691546,21585733,24691545,37719141,27650631,36599577,47091873,52138226,55497131,50718324,31926531,24454713,28947293,42856947,
Angola,,,,1169631,1155950,2126081,44177783,,40639412,52612115,66427390,70863076,67712527,58672369,33047779,28057501,34815223,42021981,
Colombia,12301486,11897488,13092218,16729678,21190439,24390975,29991332,37625882,32852986,39819529,56953516,60273618,58821870,54794812,35690767,31044991,37770123,41769699,
Algeria,19147619,18832409,24653656,32076792,46001735,54612722,60163160,79297592,45193920,57050974,73436306,71865749,65998138,60387689,34795951,29992101,35191117,41763121,
New Zealand,13729685,14382444,16526851,20344023,21728544,22409180,26930933,30577985,24932601,31392978,47700296,37304685,39443066,41619848,34357335,33731328,38050286,39838899,38211527
Greece,10402391,10327361,13655066,15246706,17434447,20942762,23504156,31127437,24236625,27585696,33377039,35151146,36261644,35755371,28289237,27810925,32154816,39490521,37814914
Slovenia,9252430,10356931,12766871,15878766,17896024,20982713,26551122,29252924,22405415,24434752,28984136,27080022,28628740,30522102,26586979,27657728,31893790,36471279,
"Venezuela, Bolivarian Republic of",25304276,23987244,24974285,39886652,55412877,61385240,,83477843,56583100,66962673,91094183,95034872,87961213,71351488,38206776,29384859,32014342,35055270,
Belarus,7450644,8020912,9945588,13751700,15977221,19738543,24275244,32570781,21304173,25283462,41418672,46059935,37203035,36080537,26660395,23537355,29239994,33726141,
Lithuania,4583050,5475632,7162433,9302609,12070444,14135190,17162396,23769895,16496339,20813923,28068648,29652662,32599743,32394296,25411022,25022652,29349549,33334577,33124453
Bulgaria,5113888,5748869,7540176,9931087,11739329,15101457,18575129,22485509,16502520,20608005,28165220,26698780,29510574,29386540,25778746,26688183,31588418,33314360,
"Libya, State of",,,,,,,32503487,44696436,27255515,36440414,18714687,59252737,42824264,20925046,11114539,9565181,19520521,30633424,
Egypt,4140826,4662432,6159277,7680182,10645562,13719963,16167275,25966761,24182270,26331836,31582439,29417006,28779409,26812196,21967323,22507389,25943200,29383962,
Morocco,7144079,7850326,8777235,9922669,11184847,12530624,14607346,20305698,14068940,17764791,21649934,21417184,21962595,23815816,22336547,22858289,25606854,29330296,
Pakistan,,,11930076,12585424,16050201,16932873,17838407,20279046,17554698,21413103,25343769,24613676,25120883,24722182,22089018,20533793,21877787,23630893,
Ecuador,4647492,5029751,6038499,7606121,9869357,12727796,13800364,18818325,13863050,17489922,22342524,23852017,24957644,25724432,18330608,16797665,19122455,21606134,
Cambodia,1499274,1922991,2118224,2797507,3018613,3566413,3531237,4358188,4992010,5590104,6704137,5796274,6665903,6846019,8542434,10069332,18360514,20852032,
Azerbaijan,2314282,2167500,2591719,3615450,4347151,6372165,6058319,47756229,14688728,21278420,26480189,23827186,23904108,21751737,12646294,13380819,15306018,19458633,19635580
Serbia,,,,,,6427892,8824701,10972082,8345076,9794516,11779478,11229031,14610779,14843348,13378934,14851777,16959040,19239127,
Bahrain,5551309,5794198,6631601,7516029,10238578,11661614,13664874,13082980,8384000,16059213,22561917,16621226,20036210,23745959,16684353,12892355,14929483,17867675,
Croatia,4665908,4903584,6186630,8024157,8772553,10376964,12360222,14123675,10491835,11810676,13364022,12368983,12741618,13843900,12843529,13647534,15732485,17210469,
Estonia,3996832,4341041,5629182,6530529,8247444,10039367,11739447,13703858,10445840,12811364,18139131,18161224,18284136,17465560,13907610,13967429,15383648,17197365,16124102
Ghana,1716127,,2324299,2457770,3059743,3613994,3533792,3809919,5070533,5233390,18146653,15761184,12643899,,,10655796,14358510,17099588,
Myanmar,,,,,,,,,,8873436,8127869,9053439,11436328,11451861,11431792,11672717,13878764,16671612,
Tunisia,6608605,6871228,8026778,9684722,10493620,11694351,15165396,19319957,14445136,16426570,17846965,17007446,17060465,16759748,14073488,13575131,14199816,16302979,
Luxembourg,8259975,8592956,9987082,12167836,12714922,14183096,16197287,17380797,12542133,13911259,16307879,13726903,13826006,14790883,12625703,12838381,13959036,15148367,
Latvia,2000733,2284417,2893681,4378647,5302745,5891473,7893151,9280774,7171470,8850801,11988196,12685522,13324705,13782782,11649940,11607295,13189947,15032702,
Sri Lanka,4723872,4722973,4867831,5466643,6159855,6760001,7661315,8176817,7121491,8304052,10011282,9369784,10004879,11295486,10439730,10545893,11741037,12281006,
Trinidad and Tobago,5115437,3853329,5241277,6517202,9611480,14018734,13396245,18650425,9125971,10981679,14875158,12159202,16597499,14526145,10755571,8532062,9623338,12029296,
C“te d'Ivoire,3649816,4985290,5326973,6578856,7247936,8147736,8067713,9778784,10280077,10283509,11049063,10860995,12083808,12985053,11844759,10605032,12560521,11823035,
Congo,,,,,,,6286798,9218826,8194624,6936652,15597395,7437933,10453102,6549194,,,8148014,11463573,
Costa Rica,4715789,4950400,5800404,5952582,7150688,7254866,8927619,9744538,8836345,9044841,10222241,11250804,11472064,11251853,9587045,9914296,10607355,11255809,
Papua New Guinea,1804715,1625123,2260093,2722217,,,,,,,5499320,4517686,6861336,9960024,9646368,8754466,10612570,11218529,
"Congo, Democratic Republic of the",1217329,1463629,1090493,1237638,1503867,1491462,2087028,3752177,2793758,5642795,7097685,7178461,8149827,8332176,6387107,5708302,8266882,11092725,
Uzbekistan,,,,,,,,,,,,,,,,,10079471,10919012,
Guatemala,2411678,2461566,2634520,2928354,5380816,3198084,6898540,7736697,7208586,8460153,10161041,10124387,10065329,10890691,10677394,10591330,11011392,10863493,
Turkmenistan,2312344,2636600,2676568,3563239,4823744,5443486,6703186,9507152,2677178,2674277,7421644,11250030,12036514,12495283,10143262,7973629,8009992,10489725,
Dominican Republic,814349,5229322,5496364,5938370,6183383,6079884,6793734,6421634,4374408,4766734,6112524,7168472,7960984,9927796,8384108,8744920,8855648,9395611,
Zambia,987411,956349,980445,1575627,1809763,3770370,4617454,5098688,4312055,7200267,8809856,9364653,10594069,9687918,6979472,6425588,8125838,9052165,
Paraguay,2356519,2328800,2584532,2874456,3152568,3472365,4723581,6407112,5079610,6516535,7776442,7282792,9456253,9635735,8327546,8501158,8679833,9042469,7652036
"Bolivia, Plurinational State of",1352893,1371651,1650675,2254332,2797417,4223298,4812702,6899336,5296740,7051433,9213940,11990832,12371516,12899078,8737108,7126324,8194491,8964856,
Jordan,2294436,2770023,3081630,3891117,4284169,5166645,5700017,7781765,6365744,7023137,7963486,7877136,7919621,8385330,7832977,7519380,7479760,7752962,
Uruguay,2057580,1861038,2208150,2937228,3421892,3989321,4517549,5941895,5404763,6724162,7911749,8709217,9065754,9165708,7669515,6963552,7889387,7641122,7816028
Namibia,1362662,1282913,1303668,2544642,2725999,3375927,4040274,4729337,5870620,5848292,5900941,5376995,6337216,5983840,4628292,4815846,5229361,7488296,
Bosnia and Herzegovina,,,1400284,1912379,2388483,3427782,4151965,5021083,3953920,4803107,5850079,5161809,5687463,5892102,5099186,5327578,6366900,7182146,6578192
Mongolia,523223,,615867,856009,1064385,1542321,1886553,,,2871174,4817496,4384669,4269056,5774331,4669280,4916326,6200593,7011758,
"Macedonia, North",1155068,1115527,1363252,1673487,2041265,2400715,3356248,,2691528,3351429,4478313,4015403,4298766,4964132,4489934,4784605,5670379,6906337,7185964
Botswana,2533037,2745131,3801646,3510762,4430628,4506182,5072523,4950877,3455712,4693238,5881918,5971245,7573299,7915468,6319191,7320706,5898103,6573001,
Equatorial Guinea,1832331,1915313,2745000,4305705,6625228,8436919,9459433,16055751,9178996,9590827,13295483,15629517,14648273,13017867,6626395,4623886,5347122,6543443,
Brunei Darussalam,3508207,3565732,4144343,5069125,6247896,7636103,7693279,10569069,7171066,8897560,12451283,13000828,11447187,10508833,6352662,4703523,5570575,6502017,
Gabon,2520872,2411130,2826852,2776202,5039811,6028934,6349742,9653797,5457903,7231288,12030623,11542290,11724613,10744500,6057733,4056110,5447015,6434668,
Guinea,572781,525426,,628664,795732,770491,1058983,1430535,1299353,1880494,1731553,2174096,1780484,1946668,1573675,3542012,6143851,6233757,
Kenya,1520119,1400700,2551148,2683309,3419901,3501656,4080800,5000949,4463443,5169112,5758740,6134353,5830954,6111949,5906853,5697562,5746974,6050421,
Lao People's Democratic Republic,,,,,,,,,,1908745,1898022,1597135,2987772,2572201,2985095,3124169,5146187,6014887,
Panama,809045,759613,804990,891105,963216,8033926,8820595,9816620,10716687,12215863,15896225,16766628,15718136,13778161,12061293,11194931,10601014,5872464,
Iceland,2017108,2229305,2380475,2889863,3090526,3453146,4772043,5355430,4056962,4603089,5348791,5063442,4997710,5051300,4721985,4449730,4882606,5561476,5234001
Mozambique,703134,809812,1043913,1503846,1745256,2381132,2412079,2653260,2147169,2243069,3604118,3469852,4023719,4725331,3196082,3354938,4687405,5160904,4722313
Cyprus,997161,837007,923135,1171484,1546373,1414866,1486412,1713315,1350949,1506458,1954770,1826017,2134405,3270258,3367020,2997209,3360377,5065369,
Nicaragua,532240,558705,605204,759847,866023,758642,1194541,2537600,1393054,1847629,2280872,4550647,4594148,4973501,4667366,4591962,4925581,5013908,
Cameroon,1744967,1809264,2282560,2476762,2848655,3576420,4230115,2126728,1732408,3878433,2147386,4274981,4520922,5159520,4052643,2130450,3264185,4817420,
El Salvador,2863774,2995069,3128003,3304581,3436476,3729993,4014539,4641070,3866080,4499243,5308179,5339088,5519300,5301546,5509048,5419577,5760015,4642690,4777618
Honduras,1148561,965427,991972,1194415,1294425,1879661,2391439,3106368,2595325,3103683,3533561,4696174,3897174,4533348,4262027,4084642,5289789,4486630,
Sudan,,,,,,,,,,,,3383881,,,5587517,,4240643,4155488,
Zimbabwe,1206663,2327371,,1921493,1393602,6427357,3308364,1693889,2268898,3199231,3512125,3882429,3507296,3063741,2704096,2832310,3480382,4037203,
Malta,1758218,2126266,2466971,2631728,2430592,2847260,3158339,3028516,2280269,3716754,5278694,5646270,5206239,4970788,3915448,4038643,4077732,3868514,
"Tanzania, United Republic of",768323,901362,1132004,1473113,1671778,1864681,2139347,3121079,2982405,4050546,4734960,5547229,4412549,5704654,5854231,4741925,4178109,3795725,
Senegal,782405,690797,1154534,1315412,1470807,1491566,1546256,2170481,2017386,2085662,2541705,2531665,2660989,2750172,2611672,2640277,2989042,3623243,4174502
Georgia,317636,345933,461406,646903,865454,935139,1232361,1497485,1133629,1677299,2186407,2376634,2910582,2861043,2204676,2113734,2735479,3354491,3771399
Burkina Faso,188241,170556,313985,392075,332297,,448904,474964,787700,1289532,2315118,2112105,2376888,2605848,2219083,2521079,2810177,3285825,
Lebanon,889297,1045493,1523934,1744957,1879013,2282514,2816321,3478305,3484155,4254185,4266856,4746521,4179822,3752790,3459466,3509342,3288499,3275050,
Uganda,450527,467380,531600,653542,812810,962193,1336668,1724295,1567614,1618603,2159077,2357493,2407736,2261964,2267009,2482313,2901466,3087274,
Madagascar,947618,667444,979047,971194,835890,1008158,1343309,1667401,1095898,1082168,1259683,1224514,1626889,2243190,2164461,2261351,2846993,2998622,2563782
Togo,220246,250598,494570,389639,359904,,280028,562766,640154,648280,852271,960876,1146451,803811,709992,714880,749255,2935605,
Mali,712873,852177,1007432,987483,1075107,1526125,1440625,1918264,,1996261,2374497,2610387,,,,2847594,1902730,2902525,
Ship stores and bunkers,40452,15357,61186,33709,33226,14522,13967,169357,181719,206847,189164,33153,51907,254512,20797,6897,30677,2882755,
Albania,304931,330241,447221,602653,658233,792630,1070783,1354922,1087915,1549956,1948207,1967919,2331522,2430724,1929657,1962117,2301341,2875860,
Free Zones,2341470,2989719,1470659,2900052,4262277,4883421,7564596,3966843,3621975,6417348,6496264,9308093,8881246,8755839,8142687,8646835,6070510,2828226,
"Moldova, Republic of",568127,643905,790297,985173,1091255,1051601,1341798,1591416,1282981,1541487,2216815,2161879,2428303,2339530,1966837,2044611,2425119,2706818,
Ethiopia,402916,414861,512104,614701,926204,1042963,1277145,1601835,1618166,2329793,2614892,2741298,2591042,2977916,2697080,2615931,2862593,2583340,
Armenia,335831,527204,670475,722912,936977,1003961,1121222,1055013,683989,1011425,1320411,1428121,1467800,1490190,1482667,1807790,2144963,2383414,2611701
Mauritania,346909,319914,320792,435222,556397,,1353710,1627128,1164530,1818731,2457999,2623807,2462517,2139811,1831727,1722938,2057069,2184093,
New Caledonia,406977,408884,728576,1008778,1113888,1135375,1647803,1632085,2082815,1267588,1657544,1292925,1237436,1618989,1238946,1356169,1672308,2125446,
Mauritius,1588614,1755597,1880802,2004668,2143866,2333369,2228669,2401466,1765792,1849522,2255421,2257737,2341299,2662999,2481093,2193836,2102622,1963917,
Jamaica,1223116,1104075,1194471,1405494,1514467,1988808,2223961,2438810,1316037,1327602,1622860,1711790,1569117,1451988,1262585,1201787,1309718,1878239,
Eswatini,781588,1086820,1654597,2138809,1277782,1462822,1113278,,,,1607162,1705493,1861783,1883619,1746597,1571994,1801635,1851122,
Cuba,1664829,1421666,1676913,2332101,2318592,2980152,3590163,3188501,2352389,2793655,3618142,3224863,3163815,2356739,1850027,1529972,1972087,1847432,
Kyrgyzstan,476152,460307,581729,718717,672014,794067,1134181,1617561,1178274,1488401,1978932,1683237,1773228,1883733,1441468,1423028,1790758,1835179,1965502
Afghanistan,,,,,,,,540066,403441,388484,341149,401815,464008,570534,571405,596455,,1769009,
Chad,83619,67748,97987,1387523,2176082,2513195,2514697,3924144,2298599,3100770,3860618,3326015,3210412,3176444,2398870,1684987,1339407,1679690,
South Sudan,,,,,,,,,,,,646464,2475814,4414924,2339143,1479691,1278877,1661773,
Niger,211269,198996,228721,399780,485723,469972,627075,1025554,628012,478625,1080650,1379850,1337151,1049677,789770,927242,1992358,1564628,
Yemen,,,,4072487,5607666,6654084,6298943,7583784,6258955,6437477,6947667,7062059,7129806,2416888,509858,949658,2159355,1528134,
Suriname,395746,,,807598,997421,,1359057,,1401839,2025567,2466872,2380469,2204441,1917671,1814317,1235283,1441019,1502817,
Guyana,481231,446520,473313,544687,538652,567385,784714,830214,788385,900754,1178649,1436600,1375940,1174050,1285828,1452632,1789690,1487342,
"Macao, China",2299495,2356770,2581004,2812058,2474496,2556992,2542428,1998153,960686,869753,869952,1020521,,1240029,1339013,1256603,1468845,1446649,
Liberia,,,,,,,,,,,,,,,,,194669,1432805,
Faroe Islands,521707,542029,599299,620097,601764,630967,746230,852091,761744,816605,1077691,1008442,1330159,1418995,1297553,1433095,1543738,1351640,
Lesotho,279593,357956,478932,,,,119578,244660,628128,503303,770118,678193,353798,818435,586332,638875,672640,1284400,
Haiti,,,,,,,,,,,,,218041,127934,217871,353339,173462,1250695,
Tajikistan,,,,,,,,,,,,,,813493,897605,899320,983826,1073858,1115850
Cayman Islands,172441,239669,664010,674884,796478,2152143,325540,510739,218238,1158637,1299192,627120,866307,420322,724794,2270271,697805,1043319,
Rwanda,186707,54109,51277,99542,149908,143309,183513,398312,260660,241828,401311,506989,608097,653365,548835,555137,948319,1017862,
Fiji,,522546,503139,552814,701701,678908,745733,921911,628675,841361,1069471,1220602,1107990,1373264,895160,925878,955613,1015640,
Benin,204165,241719,271526,298312,288196,221390,274387,421064,425348,533902,388592,460338,602014,968326,624913,409752,731589,952224,
Malawi,449410,377517,502430,458703,495490,666217,868559,878999,1187917,1066204,1421994,1205625,1181511,1419956,1081049,1033210,889104,879975,
Seychelles,216157,226796,273846,207847,339724,379935,,326646,,417798,968567,658822,574183,551250,473849,483692,591585,846972,
Nepal,,,652695,,,,,,885999,874201,907634,870663,863258,900859,660182,728846,740743,772359,
Cura‡ao,,,,,,,,,,5,3890819,4396379,4811475,3324863,2247670,2106706,1542084,769570,
Marshall Islands,158966,223487,190767,652003,599538,1166783,574793,1652347,800491,452187,509583,1044306,862166,871999,636931,634106,659363,720049,
Syrian Arab Republic,20798642,26931134,23611523,22177268,6449882,10919371,11545710,14380038,9693797,11352924,8202342,2286897,1501656,1114615,851765,802677,775553,718734,
Greenland,267738,305370,348556,364793,402040,409834,431129,490156,373288,388640,493671,477771,541821,556510,406302,575333,595837,640897,
Solomon Islands,23523,29667,45198,62132,73174,116779,201777,230038,214591,225962,411540,466329,489145,458517,400401,437303,499715,569112,
Bahamas,375881,388768,364827,401311,270849,509420,669977,701529,584879,620143,726943,828692,811465,689194,442781,402715,473337,524222,
Eritrea,,,6619,11898,27189,17592,72001,29213,29429,14742,339195,592214,327241,584534,461276,385469,436611,515980,
Montenegro,,,,,,556459,626289,616616,387540,436575,627532,468788,494376,440659,353080,355060,420871,465997,
Barbados,259339,215468,249762,195039,361242,441214,314230,454195,322725,313684,508446,566439,467424,480753,482752,516826,485388,457710,444090
British Virgin Islands,239469,415654,406111,458606,1476386,383938,423579,553106,335592,526459,631132,1259185,1046707,470549,640771,704393,438527,350504,
Somalia,45288,78132,107850,114763,223211,158053,223531,200419,190667,293567,398973,505112,644924,643935,691271,627310,395766,345197,
"Korea, Democratic People's Republic of",972431,989915,977143,1285671,1355395,1841689,2547986,2221582,1472784,2138717,3423620,3168164,3635098,3398541,3109464,2903099,1958104,330662,
Falkland Islands (Malvinas),79833,89279,155197,140961,174282,162283,180899,200886,180369,187279,196114,214488,195253,206526,209111,257700,217859,303104,
Bhutan,,,,,258368,413886,674524,521415,495846,413482,452963,531227,157028,176408,271385,145697,240138,300282,
Belize,181889,164485,202836,210972,207520,274429,266634,295058,249660,282040,396185,401140,413454,358429,313895,246163,277585,243304,
Sierra Leone,,41422,,,,,,,,,,,,279253,371341,568793,165908,205368,
French Polynesia,175563,166791,149900,185312,210287,186316,167047,195493,148271,153191,149818,139032,151488,170097,130194,179642,197634,191501,
Maldives,76688,90757,112963,169741,154175,135603,108171,126363,76665,74203,121993,161607,166505,144840,144172,139593,199331,181711,
Gibraltar,106920,107562,143828,179892,230801,180652,279063,227256,287802,364821,379336,503107,626970,1136578,432843,255459,378207,180568,
Vanuatu,,,,,,36698,29906,,37746,46174,63532,456537,289493,326444,267376,299123,237466,177141,
Burundi,42156,26560,65903,82725,113756,228522,156195,141786,112932,118156,197836,242700,206946,141501,113791,123056,149406,169071,
Djibouti,,,,,,,,,363709,97984,119434,134034,176183,153634,136665,111516,161644,152537,
United States Minor Outlying Islands,107877,113158,164897,129114,124987,231263,215952,203977,147596,138088,225173,273724,173078,237688,91175,92824,102406,152314,
Guinea-Bissau,,,61367,54125,23245,,,,,,,,,,,,189269,150109,
Kiribati,,,,,3573,,10144,7518,6276,3894,8598,5816,6675,10159,10009,10513,171519,136551,
Niue,2911,4968,2887,1807,1722,2391,2749,9362,76133,300339,4610,3593,1642,4038,2296,2343,54287,132573,
"Micronesia, Federated States of",,14441,18206,14003,12984,8922,16190,21194,18319,22739,36694,45090,27621,38159,23761,62016,96593,130316,
Andorra,52421,63752,90156,123210,,165380,150846,139099,100478,92319,114023,105950,98978,95158,89502,96913,117966,129448,
"Palestine, State of",,,,,,,512983,558446,518355,575513,745661,782369,900618,943717,957811,926499,131260,127562,
Dominica,43396,41902,39306,41309,41783,41473,36833,39994,33486,34116,31270,37013,48013,101392,97178,62167,68804,124442,
Comoros,7687,9346,6479,7907,3741,,8533,4290,10542,14452,22394,12471,10134,61611,52299,81396,86774,102052,
Saint Lucia,44809,62058,62533,79782,64220,93746,52455,164022,,,,76289,158993,182587,171184,119206,141656,96648,
Saint Kitts and Nevis,30949,38973,40930,40247,34306,39706,34089,51168,37674,32013,44886,47651,40412,39159,31700,36865,33246,93966,
Timor-Leste,,,,105654,43451,,,,,,,,53136,,,,24174,75793,
Cabo Verde,9754,10615,12463,15197,89421,110286,114798,32018,171304,220180,305755,336084,332515,356781,215241,60361,49935,75271,
Aruba,,,,,106205,108965,97893,99874,135747,124523,151360,173061,167761,116214,79882,95396,90051,69763,
Central African Republic,74304,69464,65667,,,109837,131087,114201,80532,90559,103910,114212,48656,20767,96807,87967,199902,54932,
Tokelau,16655,22009,35066,20488,30450,20290,26237,27705,38608,31673,44228,43838,40352,22875,25830,18520,73079,54058,
Samoa,62670,71468,87125,85226,87170,65147,97467,71991,45976,70250,66264,76102,62109,50922,58928,56040,44402,46101,
Cook Islands,,,,,5239,17618,16026,30656,20676,24345,34964,51437,26549,34595,25458,37034,47176,44559,
Saint Vincent and the Grenadines,44601,39296,37852,36611,39881,38107,47714,52206,49064,41516,38432,43042,48803,49307,46869,43013,42299,43666,
Grenada,58639,38262,40192,31574,27645,25371,33411,30538,35773,29562,40181,49126,56585,42326,43350,38221,43385,40128,
"Bonaire, Sint Eustatius and Saba",,,,,,,,,,,27,28,3294,154485,3574,8204,12877,38098,
Saint Helena,10543,23039,19846,15758,14735,14176,17229,43924,23369,21184,24602,19229,22008,24414,41230,26879,28397,33602,
Tuvalu,,138,2783,1995,1154,3927,1409,4145,4577,15405,13309,30988,25464,7565,37812,43849,9489,30670,
French Southern and Antarctic Territories,3062,2874,11232,13960,28492,7215,6109,11439,8223,69140,17513,17796,37111,25395,19755,20661,15746,26945,
Turks and Caicos Islands,7286,8707,9847,12212,,,,,,,8533,11830,35609,24775,41167,34385,20593,24954,
Bermuda,,,,,,,,,,,,9624,21705,11969,8622,8317,11742,22912,
Christmas Island,16153,33894,21512,15538,18011,19932,28770,55193,12382,17030,23023,38781,29931,36244,36134,24052,21219,21707,
Nauru,18878,15675,32610,17995,4502,9895,26446,135111,23952,59321,77839,107585,67994,32096,32780,22622,27515,21415,
Antigua and Barbuda,,,,,120636,,98628,,205702,34828,29028,29006,32923,23082,26046,61043,62391,16772,
Anguilla,3201,4344,4239,5579,13654,10870,14708,13386,15315,8853,15124,10850,12506,20606,13060,12613,14160,16075,
Tonga,6762,13787,16385,,,,,9292,7798,8257,14392,15583,17084,18879,12263,14618,16812,13794,
Sao Tome and Principe,2623,4990,6629,3553,3416,3874,6729,10632,8117,6381,11042,6047,6938,10497,9223,10474,10563,12087,
British Indian Ocean Territory,53869,39856,4249,3227,3891,4126,4346,8321,6085,4496,14670,32051,34288,33758,32111,20200,17841,9841,
Gambia,6309,17385,4690,18083,7463,11463,13337,13670,66026,34985,94913,118848,106204,103937,92908,94015,22498,9091,
Palau,,,,,,,,,,,,8999,,11400,6385,6540,6420,8621,
Sint Maarten (Dutch part),,,,,,,,,,,27097,55479,73712,78522,82858,36363,72090,8117,
Montserrat,722,1411,1774,4239,1442,1311,2701,4060,3148,,,1791,5962,3376,4435,3340,19307,6849,
St. Pierre and Miquelon,13957,5455,4774,7799,12164,29816,17694,15270,9931,6933,14564,7118,5680,2730,3144,4282,5182,6506,
American Samoa,,,,160,,,,28,396,958,1173,36,21,46,93,383,1314,5603,
Cocos (Keeling) Islands,2187,7751,1103,6053,2532,6273,5704,29794,5435,9644,54688,7047,6938,10794,10239,4426,4063,4779,
Northern Mariana Islands,11735,10160,12936,19396,13184,14332,13889,14381,5390,4208,2907,4191,4703,2770,3012,4131,4158,3633,
Norfolk Island,1052,3573,2953,4013,1340,1289,2913,4074,4567,2144,4637,3861,6127,4384,5209,1425,2198,2958,
Pitcairn,1664,2934,3197,20069,4430,28555,5802,9463,3917,2077,4420,6709,1573,1250,1599,2733,1673,2016,
Western Sahara,5659,7626,4012,2025,1974,4037,5413,11305,1303,1084,4274,1179,1859,4707,1335,8925,897,967,
Guam,,,,,,,,,27,,26,,,131,369,168,1731,675,
Wallis and Futuna Islands,1536,1059,1098,1498,1146,1359,1140,18793,787,2247,428,1301,851,2104,1769,777,1022,558,
Serbia and Montenegro,1903293,2275037,,3801328,4687471,,,,,,,,,,,50,,536,
Bouvet Island,,,,,,,4,7,13,,5,,,5,2,18,3,515,
British Antarctic Territory,1,16,,,,,,,,,,,,,,1,4,6,
Neutral Zone,224,20,11,115,,134,2523,,25,16,1,,2,49,53,3,4,3,
Netherlands Antilles,,,,,90937,129272,116110,146230,3240749,1816423,299,,,,,,,,
Mayotte,3504,5635,4996,4898,6430,7402,7813,7742,6780,9128,16123,28471,26773,,,,,,
Caribbean Nes,50,638,1153,,,,,,,,,,,,,,,,
Sudan (before 2012),1811881,1616567,2480415,3612004,4505813,5478706,,9500949,9079520,11529255,8981723,,,,,,,,
